title,url,raw_date,published_at,language,summary,image_url,category,source,player_name,from_club,to_club,transfer_fee,status,sentiment,external_key,league,national_team,fee_numeric
Papers: Romero open to joining Arsenal but Spurs resist,https://www.skysports.com/football/news/12040/13571259/cristian-romero-open-to-joining-arsenal-but-tottenham-adamant-their-defender-will-not-cross-the-north-london-divide-paper-talk,"Sat, 08 Aug 2026 23:15:00 BST",2026-08-08T23:56:00.724088,en,The top stories and transfer rumours from Sunday's newspapers...,https://e0.365dm.com/26/07/1920x1080/skysports-paper-talk-sky-sports-news_7311195.png?20260731134338,Premier League 🏴󠁧󠁢󠁥󠁮󠁧󠁿,Sky Sports Transfer Centre,Joueur Star,Arsenal,Tottenham,Non communiqué,RUMEUR 📰,Bullish,papersromeroopentojoiningarsenalbutspursresist,Premier League 🏴󠁧󠁢󠁥󠁮󠁧󠁿,International 🌍,0.0
Wissa double gives Newcastle boss Jaissle winning start at 10-man Valencia,https://www.skysports.com/football/news/12040/13571236/valencia-1-2-newcastle-yoane-wissas-double-gives-matthias-jaissle-winning-start-as-anthony-elanga-stretchered-off,"Sat, 08 Aug 2026 22:26:00 BST",2026-08-08T23:56:00.724546,en,Substitute Yoane Wissa scored twice to give Matthias Jaissle a winning start as Newcastle boss with a 2-1 comeback pre-season win at 10-man Valencia.,https://e0.365dm.com/26/08/1920x1080/skysports-wissa-valencia-yoane_7317227.jpg?20260808221634,Premier League 🏴󠁧󠁢󠁥󠁮󠁧󠁿,Sky Sports Transfer Centre,Joueur Star,Newcastle,Valence CF,Non communiqué,RUMEUR 📰,Neutre,wissadoublegivesnewcastlebossjaisslewinningstartat10manvalen,Premier League 🏴󠁧󠁢󠁥󠁮󠁧󠁿,International 🌍,0.0
Wolves overwhelm Bradford in emphatic away victory,https://www.skysports.com/watch/video/13571231/bradford-bulls-4-42-warrington-wolves-super-league-highlights,"Sun, 09 Aug 2026 00:00:00 BST",2026-08-08T23:56:00.724931,en,Highlights of the Super League clash between Bradford Bulls and Warrington Wolves as Matty Ashton scored twice in a dominant 42-4 victory for the visitors.,https://e2.365dm.com/26/08/1920x1080/skysports-wolves-bradford_7317178.jpg?20260808210836,Premier League 🏴󠁧󠁢󠁥󠁮󠁧󠁿,Sky Sports Transfer Centre,Joueur Star,,Wolverhampton,Non communiqué,RUMEUR 📰,Neutre,wolvesoverwhelmbradfordinemphaticawayvictory,Premier League 🏴󠁧󠁢󠁥󠁮󠁧󠁿,International 🌍,0.0
Wigan overpower Toulouse to close gap on leaders,https://www.skysports.com/watch/video/13571216/wigan-warriors-48-18-toulouse-olympique-super-league-highlights,"Sun, 09 Aug 2026 00:00:00 BST",2026-08-08T23:56:00.725258,en,Highlights of the Super League clash between Wigan Warriors and Toulouse Olympique.,https://e2.365dm.com/26/08/1920x1080/skysports-wigan-toulouse_7317173.jpg?20260808210421,Premier League 🏴󠁧󠁢󠁥󠁮󠁧󠁿,Sky Sports Transfer Centre,Joueur Star,,Toulouse FC,Non communiqué,RUMEUR 📰,Neutre,wiganoverpowertoulousetoclosegaponleaders,Premier League 🏴󠁧󠁢󠁥󠁮󠁧󠁿,International 🌍,0.0
'Good signs' for Man Utd as Mbeumo scores in encouraging draw with PSG,https://www.skysports.com/football/paris-saint-germain-vs-manchester-united/report/555766,"Sat, 08 Aug 2026 18:00:00 BST",2026-08-08T23:56:00.726189,en,"Bryan Mbeumo earned Man Utd a 1-1 draw with Paris St-Germain in Gothenburg, a pre-season friendly which left boss Michael Carrick encouraged by the ""good signs"" from his side.",https://e0.365dm.com/26/08/1920x1080/skysports-mbeumo-united-manchester_7316888.jpg?20260808164039,Premier League 🏴󠁧󠁢󠁥󠁮󠁧󠁿,Sky Sports Transfer Centre,Joueur Star,Manchester United,PSG,Non communiqué,RUMEUR 📰,Neutre,goodsignsformanutdasmbeumoscoresinencouragingdrawwithpsg,Premier League 🏴󠁧󠁢󠁥󠁮󠁧󠁿,International 🌍,0.0
Wissa's double gives Newcastle's Jaissle winning start at 10-man Valencia LIVE!,https://www.skysports.com/football/valencia-vs-newcastle-united/live/568647,"Sat, 08 Aug 2026 19:01:00 BST",2026-08-08T23:56:00.726937,en,Wissa's double gives Newcastle's Jaissle winning start at 10-man Valencia LIVE!,https://e0.365dm.com/26/08/1920x1080/skysports-nick-woltemade-newcastle_7317152.jpg?20260808203322,Premier League 🏴󠁧󠁢󠁥󠁮󠁧󠁿,Sky Sports Transfer Centre,Joueur Star,Newcastle,Valence CF,Non communiqué,RUMEUR 📰,Neutre,wissasdoublegivesnewcastlesjaisslewinningstartat10manvalenci,Premier League 🏴󠁧󠁢󠁥󠁮󠁧󠁿,International 🌍,0.0
Huddersfield Giants to leave home for Dewsbury amid major investment,https://www.skysports.com/rugby-league/news/12040/13570935/huddersfield-giants-moving-to-dewsbury-super-league-side-switching-home-from-2027-season-onwards,"Sat, 08 Aug 2026 15:09:00 BST",2026-08-08T23:56:00.727774,en,Betfred Super League side Huddersfield Giants have announced they are to leave the town and move to Dewsbury for the 2027 season onwards.,https://e2.365dm.com/26/08/1920x1080/skysports-huddersfield-giants_7316663.jpg?20260808132210,Premier League 🏴󠁧󠁢󠁥󠁮󠁧󠁿,Sky Sports Transfer Centre,Huddersfield Giants,,,Non communiqué,RUMEUR 📰,Neutre,huddersfieldgiantstoleavehomefordewsburyamidmajorinvestment,Premier League 🏴󠁧󠁢󠁥󠁮󠁧󠁿,International 🌍,0.0
"Burnley edge win on penalties, West Ham through in Carabao Cup first round",https://www.skysports.com/football/news/12040/13570969/carabao-cup-burnley-edge-win-on-penalties-west-ham-norwich-watford-through,"Sat, 08 Aug 2026 17:05:00 BST",2026-08-08T23:56:00.729219,en,Kyle Walker struck the winning penalty as Burnley edged out Notts County 4-3 in a shoot-out to reach the Carabao Cup second round after a 1-1 draw at Turf Moor.,https://e2.365dm.com/26/08/1920x1080/skysports-burnley-kyle-walker_7317041.jpg?20260808182011,Premier League 🏴󠁧󠁢󠁥󠁮󠁧󠁿,Sky Sports Transfer Centre,Joueur Star,,West Ham,Non communiqué,RUMEUR 📰,Neutre,burnleyedgewinonpenaltieswesthamthroughincarabaocupfirstroun,Premier League 🏴󠁧󠁢󠁥󠁮󠁧󠁿,International 🌍,0.0
"Mercato: ""Je pense que la situation est claire"": Diego Simeone répète que Julian Alvarez n'est pas à vendre",https://rmcsport.bfmtv.com/football/transferts/mercato-je-pense-que-la-situation-est-claire-diego-simeone-repete-que-julian-alvarez-n-est-pas-a-vendre_AV-202608080197.html,"Sat, 08 Aug 2026 14:19:23 GMT",2026-08-08T23:56:00.723048,fr,"En marge d'un match de présaison face à Manchester City à Séoul (Corée du Sud), l'entraîneur de l'Atlético de Madrid, Diego Simeone, a clarifié une fois de plus la position du club sur Julian Alvarez. Même s'il est courtisé par les plus grosses écuries d'Europe, notamment le FC Barcelone, l'attaquant argentin ne partira pas.",https://io-fsly-bfmtv.cdn.nextradiotv.com/QPbf2d_JuxmkzB9JzjvGIkFqml4=/0x106:2048x1258/800x0/images/Julian-Alvarez-lors-d-Atletico-Barca-en-quart-de-finale-retour-de-Ligue-des-champions-le-14-avril-2026-2309374.jpg,Premier League 🏴󠁧󠁢󠁥󠁮󠁧󠁿,RMC Sport Mercato,Julian Alvarez,Atlético de Madrid,Manchester City,Non communiqué,RUMEUR 📰,Neutre,mercatojepensequelasituationestclairediegosimeonerépètequeju,Premier League 🏴󠁧󠁢󠁥󠁮󠁧󠁿,Argentine 🇦🇷,0.0
"Mercato: tout juste parti de Bordeaux, Rio Mavuba devrait rebondir à Lille",https://rmcsport.bfmtv.com/football/transferts/mercato-tout-juste-parti-de-bordeaux-rio-mavuba-devrait-rebondir-a-lille_AV-202608080175.html,"Sat, 08 Aug 2026 12:38:09 GMT",2026-08-08T23:56:00.729764,fr,"Selon les informations de Foot Amateur et Sud Ouest, Rio Mavuba est sur le point de rejoindre le Lille après avoir quitté son poste d'entraîneur principal des Girondins de Bordeaux, ce jeudi 6 août.",https://io-fsly-bfmtv.cdn.nextradiotv.com/DAz-u3nG8KL-Nd_YdJ9dsfyHUhs=/0x39:2048x1191/800x0/images/Rio-Mavuba-sur-le-banc-de-Bordeaux-le-11-avril-2026-2330168.jpg,Ligue 1 🇫🇷,RMC Sport Mercato,Rio Mavuba,,LOSC Lille,Non communiqué,RUMEUR 📰,Neutre,mercatotoutjustepartidebordeauxriomavubadevraitrebondiràlill,Ligue 1 🇫🇷,International 🌍,0.0
DIRECT. Mercato: Arsenal signe Bruno Guimaraes pour un montant XXL,https://rmcsport.bfmtv.com/football/transferts/direct-mercato-toutes-les-infos-et-rumeurs-de-transfert-du-6-aout-2026-en-live_LN-202608060092.html,"Sat, 08 Aug 2026 11:56:53 GMT",2026-08-08T23:56:00.730937,fr,"Si les clubs européens préparent toujours la reprise des championnats et le début de la saison 2026-2027, le mercato estival bat son plein. Plusieurs gros dossiers sont toujours actifs et prennent des allures de feuilletons. Du probable transfert de Yan Diomandé au Real Madrid à l'avenir des cracks Barcola et Mbaye au PSG, les cadors s'agitent et de gros mouvements pourraient bientôt se décanter. ",https://io-fsly-bfmtv.cdn.nextradiotv.com/wqdddBcNZYVHOjbPkGADw99fYzE=/0x0:2048x1152/800x0/images/Bruno-Guimaraes-milieu-de-terrain-du-Bresil-lors-de-la-Coupe-du-monde-29-juin-2026-2329023.jpg,Premier League 🏴󠁧󠁢󠁥󠁮󠁧󠁿,RMC Sport Mercato,Ousmane Diomande,Real Madrid,Arsenal,Non communiqué,OFFICIEL ✅,Bullish,directmercatoarsenalsignebrunoguimaraespourunmontantxxl,Premier League 🏴󠁧󠁢󠁥󠁮󠁧󠁿,Côte d'Ivoire 🇨🇮,0.0
"Ferran Torres, Hojbjerg, Paredes… les 5 infos mercato du 8 août à midi",https://rmcsport.bfmtv.com/football/transferts/video-ferran-torres-hojbjerg-paredes-les-5-infos-mercato-du-8-aout-a-midi_VN-202608080151.html,"Sat, 08 Aug 2026 10:45:34 GMT",2026-08-08T23:56:00.732239,fr,"Ferran Torres veut rejoindre le PSG, Hojbjerg est surveillé en Angleterre, Paredes pourrait revenir en Europe et Araujo sur le départ du Barça… les 5 infos mercato du 8 août à midi.",https://io-fsly-bfmtv.cdn.nextradiotv.com/C9M4nBe0y6dIAqrHvkCEBlVhQAA=/0x0:1280x720/800x0/images/Ferran-Torres-Hojbjerg-Paredes-les-5-infos-mercato-du-8-aout-a-midi-2330160.jpg,Ligue 1 🇫🇷,RMC Sport Mercato,Pierre-Emile Højbjerg,PSG,FC Barcelone,Non communiqué,RUMEUR 📰,Neutre,ferrantorreshojbjergparedesles5infosmercatodu8aoûtàmidi,Ligue 1 🇫🇷,Danemark 🇩🇰,0.0
Mercato: Ronald Araujo fonce en prêt à Liverpool après avoir prolongé avec Barcelone la saison dernière,https://rmcsport.bfmtv.com/football/transferts/mercato-ronald-araujo-fonce-en-pret-a-liverpool-apres-avoir-prolonge-avec-barcelone-la-saison-derniere_AV-202608080069.html,"Sat, 08 Aug 2026 06:15:08 GMT",2026-08-08T23:56:00.732687,fr,"Alors qu'il est lié au FC Barcelone jusqu'en 2031 après avoir prolongé son contrat la saison dernière, Ronald Araujo, encore exclu des plans de Hansi Flick, est envoyé en prêt à Liverpool, avec une option d'achat facultative.",https://io-fsly-bfmtv.cdn.nextradiotv.com/lhvCprii3_6mZCtNvDXTTAin44I=/0x23:2016x1157/800x0/images/Ronald-Araujo-2011418.jpg,Premier League 🏴󠁧󠁢󠁥󠁮󠁧󠁿,RMC Sport Mercato,Ronald Araújo,FC Barcelone,FC Barcelone,prêt,RUMEUR 📰,Neutre,mercatoronaldaraujofonceenprêtàliverpoolaprèsavoirprolongéav,Premier League 🏴󠁧󠁢󠁥󠁮󠁧󠁿,Uruguay 🇺🇾,0.0
Mercato: un nouveau cadre de l'OM sur le départ? Newcastle se renseigne sur Pierre-Emile Hojbjerg,https://rmcsport.bfmtv.com/football/transferts/mercato-un-nouveau-cadre-de-l-om-sur-le-depart-newcastle-se-renseigne-sur-pierre-emile-hojbjerg_AP-202608070495.html,"Fri, 07 Aug 2026 21:38:42 GMT",2026-08-08T23:56:00.733144,fr,"La presse anglaise rapporte que Pierre-Emile Hojbjerg fait partie des joueurs ciblés au milieu du terrain par Newcastle pour remplacer Bruno Guimaraes et Sandro Tonali. Le Danois connaît bien la Premier League, lui qui a évolué sous les couleurs de Southampton (2016-2020) et Tottenham (2020-2024).",https://io-fsly-bfmtv.cdn.nextradiotv.com/Gd3m007AnoKzed6XjcHd0g1-Yls=/0x185:1904x1256/800x0/images/Pierre-Emile-Hojbjerg-avec-l-OM-le-5-novembre-2025-2177683.jpg,Premier League 🏴󠁧󠁢󠁥󠁮󠁧󠁿,RMC Sport Mercato,Pierre-Emile Højbjerg,Newcastle,Tottenham,Non communiqué,RUMEUR 📰,Neutre,mercatounnouveaucadredelomsurledépartnewcastleserenseignesur,Premier League 🏴󠁧󠁢󠁥󠁮󠁧󠁿,Danemark 🇩🇰,0.0
"Vinicius, Akliouche, Rodri... Les 5 infos mercato du 7 août à 12 h.",https://rmcsport.bfmtv.com/football/transferts/video-vinicius-akliouche-rodri-les-5-infos-mercato-du-7-aout-a-12-h_VN-202608070284.html,"Fri, 07 Aug 2026 10:00:32 GMT",2026-08-08T23:56:00.733548,fr,"Vinicius prolongé, Akliouche officialisé, Rodri en discussions avec le Barça, Enzo Fernández pour le remplacer... Découvrez les 5 infos mercato du 7 août à 12 h.",https://io-fsly-bfmtv.cdn.nextradiotv.com/_hvQGTtRVZ6aFV-hvsbJwd8UI6I=/0x0:1280x720/800x0/images/Vinicius-Akliouche-Rodri-Les-5-infos-mercato-du-7-aout-a-12-h-2329917.jpg,Ligue 1 🇫🇷,RMC Sport Mercato,Enzo Fernández,Chelsea,FC Barcelone,Non communiqué,RUMEUR 📰,Neutre,viniciusaklioucherodriles5infosmercatodu7aoûtà12h,Ligue 1 🇫🇷,Argentine 🇦🇷,0.0
"Mercato: ""Coup de froid"", ""arrière-goût amer""... le transfert avorté de Rodri au Real Madrid agite la presse espagnole",https://rmcsport.bfmtv.com/football/transferts/mercato-coup-de-froid-arriere-gout-amer-le-transfert-avorte-de-rodri-au-real-madrid-agite-la-presse-espagnole_AV-202608070246.html,"Fri, 07 Aug 2026 08:59:53 GMT",2026-08-08T23:56:00.734057,fr,"Les supporters du Real Madrid ont connu jeudi les montages russes en termes d’émotions avec la signature de Yan Diomandé, la prolongation de Vinicius et le transfert avorté de Rodri, qui préfère signer au Barça, le grand rival. De quoi alimenter la presse espagnole.",https://io-fsly-bfmtv.cdn.nextradiotv.com/36XkzCxANXEStc9rUm6WZDIT8y0=/0x106:2048x1258/800x0/images/Rodri-a-recu-le-trophee-du-meilleur-joueur-de-la-Coupe-du-monde-2026-remportee-par-l-Espagne-le-19-juillet-2026-2329852.jpg,La Liga 🇪🇸,RMC Sport Mercato,Ousmane Diomande,Real Madrid,FC Barcelone,Non communiqué,RUMEUR 📰,Bullish,mercatocoupdefroidarrièregoûtamerletransfertavortéderodriaur,La Liga 🇪🇸,Côte d'Ivoire 🇨🇮,0.0
"Mercato : ""C'est un honneur de rejoindre le Paris Saint-Germain."" Les premiers mots de Maghnes Akliouche après sa signature",https://rmcsport.bfmtv.com/football/transferts/video-mercato-c-est-un-honneur-de-rejoindre-le-paris-saint-germain-les-premiers-mots-de-maghnes-akliouche-apres-sa-signature_VN-202608070131.html,"Fri, 07 Aug 2026 06:17:58 GMT",2026-08-08T23:56:00.734732,fr,"Maghnes Akliouche est un Parisien ! L'ancien Monégasque et international français, âgé de 24 ans, s'est engagé avec le club de la capitale pour 5 ans, jusqu'en 2031, après un transfert évalué à 50 millions d'euros. Il portera le numéro 11 au sein de la formation de Luis Enrique.",https://io-fsly-bfmtv.cdn.nextradiotv.com/FN-vXOlg65pG0CEvSTnMidvgeIA=/0x0:1280x720/800x0/images/Mercato-C-est-un-honneur-de-rejoindre-le-Paris-Saint-Germain-Les-premiers-mots-de-Maghnes-Akliouche-apres-sa-signature-2329779.jpg,Ligue 1 🇫🇷,RMC Sport Mercato,Luis Enrique,PSG,,50 millions,RUMEUR 📰,Neutre,mercatocestunhonneurderejoindreleparissaintgermainlespremier,Ligue 1 🇫🇷,Espagne 🇪🇸,50.0
"Monaco: ""On veut le remplacer"", Filipe Luis estime que le départ d'Akliouche est ""une grande perte""",https://rmcsport.bfmtv.com/football/transferts/monaco-on-veut-le-remplacer-filipe-luis-estime-que-le-depart-d-akliouche-est-une-grande-perte_AV-202608070038.html,"Fri, 07 Aug 2026 04:17:12 GMT",2026-08-08T23:56:00.735987,fr,"Dans la foulée de la victoire de l'AS Monaco face à Getafe (1-0) en amical ce jeudi, FIlipe Luis est revenu sur le départ officialisé de Maghnes Akliouche, une ""grande perte"" pour le club.",https://io-fsly-bfmtv.cdn.nextradiotv.com/tpcycDnfKnOZNlbU9ia8QBJ6fKw=/0x0:2048x1152/800x0/images/Maghnes-Akliouche-au-MetLife-Stadium-le-14-juillet-2026-a-New-York-2329643.jpg,Ligue 1 🇫🇷,RMC Sport Mercato,Filipe Luis,,AS Monaco,Non communiqué,RUMEUR 📰,Neutre,monacoonveutleremplacerfilipeluisestimequeledépartdakliouche,Ligue 1 🇫🇷,International 🌍,0.0
Mercato: Malo Gusto vers un départ de Chelsea cet été ?,https://rmcsport.bfmtv.com/football/transferts/mercato-malo-gusto-vers-un-depart-de-chelsea-cet-ete_AN-202608060534.html,"Thu, 06 Aug 2026 20:20:04 GMT",2026-08-08T23:56:00.736867,fr,L'arrière droit français Malo Gusto pourrait voir son avenir s'écrire ailleurs qu'à Chelsea. La concurrence s'annonce rude et le club londonien pourrait ouvrir à l'ancien Lyonnais la porte d'un départ au mercato d'été. Mais le prix fixé est très élevé.,https://io-fsly-bfmtv.cdn.nextradiotv.com/uu9wYcCDlGKdJbxD18iZryxsX7c=/0x64:2048x1216/800x0/images/Le-joueur-de-Chelsea-Malo-Gusto-lors-de-la-finale-de-la-FA-Cup-le-16-mai-2026-2329684.jpg,Premier League 🏴󠁧󠁢󠁥󠁮󠁧󠁿,RMC Sport Mercato,Malo Gusto,,Chelsea,Non communiqué,RUMEUR 📰,Neutre,mercatomalogustoversundépartdechelseacetété,Premier League 🏴󠁧󠁢󠁥󠁮󠁧󠁿,International 🌍,0.0
"Mercato: fin du suspense, Vinicius Jr prolonge au Real Madrid jusqu'en 2032 avec un contrat XXL",https://rmcsport.bfmtv.com/football/transferts/mercato-fin-du-suspense-vinicius-jr-prolonge-au-real-madrid-jusqu-en-2032-avec-un-contrat-xxl_AV-202608060505.html,"Thu, 06 Aug 2026 18:41:51 GMT",2026-08-08T23:56:00.737736,fr,"Courtisé tout au long de l'été et annoncé dans le viseur d'Arsenal, Vinicius Jr a officiellement prolongé son contrat avec le Real Madrid jusqu'au 30 juin 2032 avec une belle revalorisation salariale.",https://io-fsly-bfmtv.cdn.nextradiotv.com/DSwyRZ5cGsKLIwLhbQzOV_FjUOY=/0x38:2048x1190/800x0/images/Le-Bresilien-Vinicius-Jr-lors-d-un-match-du-Real-Madrid-en-Liga-le-14-mai-2026-2329325.jpg,Premier League 🏴󠁧󠁢󠁥󠁮󠁧󠁿,RMC Sport Mercato,Vinicius Jr,Real Madrid,Real Madrid,Non communiqué,OFFICIEL ✅,Neutre,mercatofindususpenseviniciusjrprolongeaurealmadridjusquen203,Premier League 🏴󠁧󠁢󠁥󠁮󠁧󠁿,Brésil 🇧🇷,0.0
"Mercato: vers une nouvelle vente à l'OM, Facundo Medina en route vers le Bayer Leverkusen",https://rmcsport.bfmtv.com/football/transferts/mercato-vers-une-nouvelle-vente-a-l-om-facundo-medina-en-route-vers-le-bayer-leverkusen_AV-202608060486.html,"Thu, 06 Aug 2026 17:35:46 GMT",2026-08-08T23:56:00.738371,fr,Le défenseur argentin de l'Olympique de Marseille va quitter le sud de la France pour rejoindre le Bayer Leverkusen. Toutes les parties ont trouvé un accord selon des informations de L'Equipe confirmées par RMC Sport. Les Phocéens devraient hériter d'un chèque de 25 millions d'euros bonus inclus.,https://io-fsly-bfmtv.cdn.nextradiotv.com/XG_SxQGFT-ZV6q46RIjlxg3GPbk=/0x154:2048x1306/800x0/images/Facundo-Medina-le-10-avril-2026-2274543.jpg,Ligue 1 🇫🇷,RMC Sport Mercato,Facundo Medina,Bayer Leverkusen,Olympique de Marseille,25 millions,RUMEUR 📰,Bullish,mercatoversunenouvelleventeàlomfacundomedinaenrouteverslebay,Ligue 1 🇫🇷,International 🌍,25.0
"Mercato: Maghnes Akliouche au PSG, c'est officiel, Paris tient sa première grosse recrue de l'été",https://rmcsport.bfmtv.com/football/transferts/mercato-maghnes-akliouche-au-psg-c-est-officilel-paris-tient-sa-premiere-grosse-recrue-de-l-ete_AV-202608060474.html,"Thu, 06 Aug 2026 17:11:49 GMT",2026-08-08T23:56:00.738986,fr,"Peu de temps avant le premier match officiel de la saison du PSG, le club de la capitale enregistre son premier gros renfort de l'été avec l'arrivée de l'ex-Monégasque Maghnes Akliouche. Après sa visite médicale réussie, il a signé jeudi un contrat de cinq ans avant de s'entraîner avec ses nouveaux coéquipiers dès ce vendredi.",https://io-fsly-bfmtv.cdn.nextradiotv.com/tpcycDnfKnOZNlbU9ia8QBJ6fKw=/0x0:2048x1152/800x0/images/Maghnes-Akliouche-au-MetLife-Stadium-le-14-juillet-2026-a-New-York-2329643.jpg,Ligue 1 🇫🇷,RMC Sport Mercato,Maghnes Akliouche,,PSG,Non communiqué,OFFICIEL ✅,Neutre,mercatomaghnesaklioucheaupsgcestofficielparistientsapremière,Ligue 1 🇫🇷,International 🌍,0.0
Diomandé détrône Bellingham comme transfert le plus cher du Real Madrid,https://rmcsport.bfmtv.com/football/transferts/video-diomande-detrone-bellingham-comme-transfert-le-plus-cher-du-real-madrid_VN-202608060389.html,"Thu, 06 Aug 2026 15:04:57 GMT",2026-08-08T23:56:00.739546,fr,"L'ailier de 19 ans, qui ne compte que 60 matches en pro, quitte Leipzig pour le Real Madrid contre 140 millions d'euros. Le record du club espagnol.",https://io-fsly-bfmtv.cdn.nextradiotv.com/aiLwKRByD4AVDSgQi8rePyckgKw=/0x0:1280x720/800x0/images/Diomande-detrone-Bellingham-comme-transfert-le-plus-cher-du-Real-Madrid-2329570.jpg,La Liga 🇪🇸,RMC Sport Mercato,Ousmane Diomande,Real Madrid,RB Leipzig,140 millions,RUMEUR 📰,Bullish,diomandédétrônebellinghamcommetransfertlepluscherdurealmadri,La Liga 🇪🇸,Côte d'Ivoire 🇨🇮,140.0
Diomandé rejoint le Real Madrid et devient la recrue la plus chère de l'histoire du club,https://rmcsport.bfmtv.com/football/transferts/video-diomande-rejoint-le-real-madrid-et-devient-la-recrue-la-plus-chere-de-l-histoire-du-club_VN-202608060365.html,"Thu, 06 Aug 2026 14:11:03 GMT",2026-08-08T23:56:00.740119,fr,"Un transfert à 140 millions d'euros, plus cher que Bellingham et Hazard. L'Ivoirien quitte Leipzig et devient aussi la 5e recrue la plus chère de l'histoire.",https://io-fsly-bfmtv.cdn.nextradiotv.com/3nTjr2mH10_JB6AIz73eZb8gNuc=/0x0:1280x720/800x0/images/Diomande-rejoint-le-Real-Madrid-et-devient-la-recrue-la-plus-chere-de-l-histoire-du-club-2329546.jpg,La Liga 🇪🇸,RMC Sport Mercato,Ousmane Diomande,Real Madrid,RB Leipzig,140 millions,RUMEUR 📰,Neutre,diomandérejointlerealmadridetdevientlarecruelapluschèredelhi,La Liga 🇪🇸,Côte d'Ivoire 🇨🇮,140.0
Mercato: Rodri préfère le Barça au Real,https://rmcsport.bfmtv.com/football/transferts/mercato-rodri-prefere-le-barca-au-real_AV-202608060348.html,"Thu, 06 Aug 2026 13:36:57 GMT",2026-08-08T23:56:00.740846,fr,"Alors que son nom circulait surtout du côté du Real Madrid ces dernières semaines, Rodri a finalement choisi le Barça. Le club catalan est entré dans la course pour le milieu de terrain espagnol, tout juste sacré champion du monde avec l'Espagne. Manchester City pourrait accepter de le laisser partir si une offre convient.",https://io-fsly-bfmtv.cdn.nextradiotv.com/hq3P44NSkNxxEEgn0odMsWuDBak=/0x134:2048x1286/800x0/images/Rodri-capitaine-de-l-Espagne-a-la-Coupe-du-monde-14-juillet-2026-2329502.jpg,Premier League 🏴󠁧󠁢󠁥󠁮󠁧󠁿,RMC Sport Mercato,Rodri,FC Barcelone,Real Madrid,Non communiqué,RUMEUR 📰,Neutre,mercatorodripréfèrelebarçaaureal,Premier League 🏴󠁧󠁢󠁥󠁮󠁧󠁿,Espagne 🇪🇸,0.0
Real Madrid: l'avenir de Vinicius enfin tranché après l'offre de la dernière chance,https://rmcsport.bfmtv.com/football/transferts/real-madrid-l-avenir-de-vinicius-enfin-tranche-apres-l-offre-de-la-derniere-chance_AV-202608060320.html,"Thu, 06 Aug 2026 12:13:27 GMT",2026-08-08T23:56:00.741648,fr,"Les négociations entre le Real Madrid et Vinicius Jr pourraient rapidement déboucher sur un nouveau contrat de l'ailier brésilien. Longtemps annoncée sur le départ lors du mercato estival, la star madrilène serait proche d'accepter la dernière offre de prolongation du club merengue.",https://io-fsly-bfmtv.cdn.nextradiotv.com/DSwyRZ5cGsKLIwLhbQzOV_FjUOY=/0x38:2048x1190/800x0/images/Le-Bresilien-Vinicius-Jr-lors-d-un-match-du-Real-Madrid-en-Liga-le-14-mai-2026-2329325.jpg,La Liga 🇪🇸,RMC Sport Mercato,Vinicius Jr,Real Madrid,,Non communiqué,NEGOCIATION 💬,Bullish,realmadridlavenirdeviniciusenfintranchéaprèsloffredeladerniè,La Liga 🇪🇸,Brésil 🇧🇷,0.0
La fin d'un des feuilletons du mercato: Yan Diomandé est bien en route pour le Real Madrid,https://rmcsport.bfmtv.com/football/transferts/la-fin-d-un-des-feuilletons-du-mercato-yan-diomande-est-bien-en-route-pour-le-real-madrid_AV-202608060303.html,"Thu, 06 Aug 2026 11:21:22 GMT",2026-08-08T23:56:00.742351,fr,"Après plusieurs jours de négociations et de spéculations autour d'un problème de représentants, Yan Diomandé semble enfin se diriger vers le Real Madrid. Ce jeudi, l'attaquant du RB Leipzig a été autorisé à rejoindre la capitale espagnole pour passer sa visite médicale. Le deal devrait atteindre 140 millions d'euros bonus inclus.",https://io-fsly-bfmtv.cdn.nextradiotv.com/A0-G9tCNbyd0BLewK3wTtt3GahA=/0x127:2048x1279/800x0/images/Yan-Diomande-lors-du-match-Leipzig-Hoffenheim-5-0-Bundesliga-le-20-mars-2026-2259301.jpg,La Liga 🇪🇸,RMC Sport Mercato,Ousmane Diomande,Real Madrid,RB Leipzig,140 millions,RUMEUR 📰,Neutre,lafindundesfeuilletonsdumercatoyandiomandéestbienenroutepour,La Liga 🇪🇸,Côte d'Ivoire 🇨🇮,140.0
"Un ""Clasico"" pour un champion du monde: l’arrivée de Rodri au Real Madrid remise en cause, le Barça espère en profiter",https://rmcsport.bfmtv.com/football/transferts/un-clasico-pour-un-champion-du-monde-l-arrivee-de-rodri-au-real-madrid-remise-en-cause-le-barca-espere-en-profiter_AV-202608060292.html,"Thu, 06 Aug 2026 10:43:26 GMT",2026-08-08T23:56:00.742989,fr,"Selon plusieurs médias, le transfert de Rodri au Real Madrid, qui semblait pourtant en bonne voie, semble aujourd’hui très incertain. Le milieu de terrain de 30 ans ne se serait pas mis d’accord avec le club merengue. Le FC Barcelone aimerait le récupérer, sachant que Manchester City réclame près de 70 millions d’euros pour le Ballon d’or 2024.",https://io-fsly-bfmtv.cdn.nextradiotv.com/2gZ8btDRNYAdcpTjoMbIdIb12Fo=/0x106:2048x1258/800x0/images/Rodri-sacre-meilleur-joueur-de-la-Coupe-du-monde-2026-le-20-juillet-2026-2322408.jpg,Premier League 🏴󠁧󠁢󠁥󠁮󠁧󠁿,RMC Sport Mercato,Rodri,Real Madrid,FC Barcelone,70 millions,RUMEUR 📰,Bullish,unclasicopourunchampiondumondelarrivéederodriaurealmadridrem,Premier League 🏴󠁧󠁢󠁥󠁮󠁧󠁿,Espagne 🇪🇸,70.0
Didier Deschamps a repoussé une offre du club saoudien Al Ahli,https://rmcsport.bfmtv.com/football/transferts/video-didier-deschamps-a-repousse-une-offre-du-club-saoudien-al-ahli_VN-202608060274.html,"Thu, 06 Aug 2026 10:02:34 GMT",2026-08-08T23:56:00.743554,fr,"Le club d'Arabie saoudite a contacté Didier Deschamps, qui a quitté le banc de l'équipe de France après la Coupe du monde 2026.",https://io-fsly-bfmtv.cdn.nextradiotv.com/mACL7uaQT4UU5__xwCTpg5rWDrI=/0x0:1280x720/800x0/images/Didier-Deschamps-a-repousse-une-offre-du-club-saoudien-Al-Ahli-2329474.jpg,Ligue 1 🇫🇷,RMC Sport Mercato,Didier Deschamps,,Al-Ahli,Non communiqué,NEGOCIATION 💬,Neutre,didierdeschampsarepousséuneoffreduclubsaoudienalahli,Ligue 1 🇫🇷,International 🌍,0.0
Mercato: Fekir trouve son nouveau club en Arabie saoudite,https://rmcsport.bfmtv.com/football/transferts/direct-mercato-toutes-les-infos-et-rumeurs-du-3-aout-2026-sur-le-marche-des-transferts_LN-202608030157.html,"Thu, 06 Aug 2026 05:56:55 GMT",2026-08-08T23:56:00.744191,fr,"Alors que la reprise des principaux championnats approche et les clubs s'activent pour se renforcer lors du mercato estival. Du PSG qui suit le gardien japonais Suzuki à l'OM qui piste des renforts offensifs, plusieurs dossiers chauds se trouvent au cœur de l'actualité. Toutes les informations et rumeurs de transferts sont à retrouver sur le site et l'application RMC Sport.",https://io-fsly-bfmtv.cdn.nextradiotv.com/-EUGgBpEBPgc52maLvlNBsLJvY4=/0x83:2048x1235/800x0/images/Nabil-Fekir-1843555.jpg,Ligue 1 🇫🇷,RMC Sport Mercato,Joueur Star,,PSG,Non communiqué,RUMEUR 📰,Bullish,mercatofekirtrouvesonnouveauclubenarabiesaoudite,Ligue 1 🇫🇷,International 🌍,0.0
Turquie: les images complètement folles de l'arrivée de Mohamed Salah à Trabzonspor,https://rmcsport.bfmtv.com/football/transferts/turquie-les-images-completement-folles-de-l-arrivee-de-mohamed-salah-a-trabzonspor_AV-202608050552.html,"Wed, 05 Aug 2026 22:39:28 GMT",2026-08-08T23:56:00.744802,fr,"Mohamed Salah est arrivé ce mercredi midi à Istanbul pour passer sa visite médicale pour son nouveau club, Trabzonspor. L'ancien joueur de Liverpool a été accueilli en véritable star par ses nouveaux supporters avant de rejoindre la ville de Trabzon en fin de journée pour un accueil encore un peu plus impressionnant.",https://io-fsly-bfmtv.cdn.nextradiotv.com/yyKkyLF-OqRdk7U9yelnoUafl6g=/0x217:2048x1369/800x0/images/Mohamed-Salah-le-5-aout-2026-2329278.jpg,Premier League 🏴󠁧󠁢󠁥󠁮󠁧󠁿,RMC Sport Mercato,Mohamed Salah,Liverpool,Trabzonspor,Non communiqué,RUMEUR 📰,Neutre,turquielesimagescomplètementfollesdelarrivéedemohamedsalahàt,Premier League 🏴󠁧󠁢󠁥󠁮󠁧󠁿,Égypte 🇪🇬,0.0
"INFO RMC SPORT. Mercato: Al Ahli a tâté le terrain pour Didier Deschamps, qui ne devrait pas rejoindre le club",https://rmcsport.bfmtv.com/football/transferts/info-rmc-sport-mercato-al-ahli-a-tate-le-terrain-pour-didier-deschamps-qui-ne-devrait-pas-rejoindre-le-club_AV-202608050549.html,"Wed, 05 Aug 2026 22:29:44 GMT",2026-08-08T23:56:00.745550,fr,"Tout juste libéré de ses fonctions de sélectionneur de l’équipe de France après la défaite des Bleus en petite finale de la Coupe du monde, le 18 juillet, Didier Deschamps a rapidement été associé à plusieurs clubs. Parmi les pistes évoquées figurait notamment le club saoudien d’Al Ahli.",https://io-fsly-bfmtv.cdn.nextradiotv.com/sB9hzTxOkaNpRv30BSsDYljdDwA=/6x126:2038x1269/800x0/images/Didier-Deschamps-lors-de-son-dernier-match-en-equipe-de-France-face-a-l-Angleterre-defaite-6-4-match-pour-la-3e-place-de-Coupe-du-monde-le-18-juillet-2026-2322434.jpg,Ligue 1 🇫🇷,RMC Sport Mercato,Joueur Star,,Al-Ahli,Non communiqué,RUMEUR 📰,Neutre,informcsportmercatoalahliatâtéleterrainpourdidierdeschampsqu,Ligue 1 🇫🇷,International 🌍,0.0
Mercato: la dernière proposition du Real Madrid à Vinicius (qui ne devrait pas s'en satisfaire),https://rmcsport.bfmtv.com/football/transferts/mercato-la-derniere-proposition-du-real-madrid-a-vinicius-qui-ne-devrait-pas-s-en-satisfaire_AV-202608050385.html,"Wed, 05 Aug 2026 14:56:44 GMT",2026-08-08T23:56:00.746300,fr,"Le Real Madrid a fait une nouvelle proposition de contrat à Vinicius ce mercredi, selon la Cadena Ser, et elle ne correspond pas aux exigences de la star brésilienne, qui pourrait quitter le club espagnol d'ici la fin du mercato. Arsenal surveille, avec attention, la situation.",https://io-fsly-bfmtv.cdn.nextradiotv.com/Aqp0IaiHas7P9NZNIx-NNBopWlc=/14x0:2030x1134/800x0/images/Vinicius-et-Mbappe-a-l-entrainement-du-Real-Madrid-le-24-fevrier-2026-2282665.jpg,Premier League 🏴󠁧󠁢󠁥󠁮󠁧󠁿,RMC Sport Mercato,Vinicius Jr,Real Madrid,Arsenal,Non communiqué,RUMEUR 📰,Neutre,mercatoladernièrepropositiondurealmadridàviniciusquinedevrai,Premier League 🏴󠁧󠁢󠁥󠁮󠁧󠁿,Brésil 🇧🇷,0.0
Tielemans cameo against PSG hints at Man Utd future,https://www.bbc.co.uk/sport/football/articles/ce34k3qve4no?at_medium=RSS&at_campaign=rss,"Sat, 08 Aug 2026 19:15:24 GMT",2026-08-08T23:56:01.145665,en,Manchester United's £35m signing Youri Tielemans makes an impressive debut in the 1-1 friendly draw against Paris St-Germain in Gothenburg.,https://ichef.bbci.co.uk/ace/standard/240/cpsprodpb/ef15/live/44742c80-935a-11f1-9165-3913cf361277.jpg,Premier League 🏴󠁧󠁢󠁥󠁮󠁧󠁿,BBC Sport Football,Joueur Star,PSG,Manchester United,Non communiqué,RUMEUR 📰,Neutre,tielemanscameoagainstpsghintsatmanutdfuture,Premier League 🏴󠁧󠁢󠁥󠁮󠁧󠁿,International 🌍,0.0
Jaissle starts with win but not planning to 'smash locker room',https://www.bbc.co.uk/sport/football/articles/c3049pl53yyo?at_medium=RSS&at_campaign=rss,"Sat, 08 Aug 2026 23:23:30 GMT",2026-08-08T23:56:01.145783,en,"It was a night which ended with Newcastle United lifting a trophy, but there was certainly no danger of head coach Matthias Jaissle getting carried away.",https://ichef.bbci.co.uk/ace/standard/240/cpsprodpb/e07d/live/ac76f160-937c-11f1-aa7e-95eea9450f67.jpg,Premier League 🏴󠁧󠁢󠁥󠁮󠁧󠁿,BBC Sport Football,Joueur Star,,Newcastle,Non communiqué,RUMEUR 📰,Neutre,jaisslestartswithwinbutnotplanningtosmashlockerroom,Premier League 🏴󠁧󠁢󠁥󠁮󠁧󠁿,International 🌍,0.0
Wissa & Toure star as Jaissle wins first Newcastle friendly - ratings,https://www.bbc.co.uk/sport/football/articles/c4gk75keg1lo?at_medium=RSS&at_campaign=rss,"Sat, 08 Aug 2026 21:11:46 GMT",2026-08-08T23:56:01.145906,en,Newcastle United forward Yoane Wissa scores twice in a 2-1 win against Valencia in Matthias Jaissle's first game in charge - but how did the Magpies players perform?,https://ichef.bbci.co.uk/ace/standard/240/cpsprodpb/0e19/live/a4587d50-9377-11f1-bdc9-878173fccee2.jpg,Premier League 🏴󠁧󠁢󠁥󠁮󠁧󠁿,BBC Sport Football,Joueur Star,Newcastle,Valence CF,Non communiqué,RUMEUR 📰,Neutre,wissatourestarasjaisslewinsfirstnewcastlefriendlyratings,Premier League 🏴󠁧󠁢󠁥󠁮󠁧󠁿,International 🌍,0.0
Arsenal sign Guimaraes from Newcastle in £75m deal,https://www.bbc.co.uk/sport/football/articles/c1719r079rjo?at_medium=RSS&at_campaign=rss,"Sat, 08 Aug 2026 11:00:08 GMT",2026-08-08T23:56:01.146141,en,Premier League champions Arsenal sign Brazil midfielder Bruno Guimaraes from Newcastle United for £75m.,https://ichef.bbci.co.uk/ace/standard/240/cpsprodpb/633b/live/60a9ce90-931a-11f1-9931-79a1e0bcb641.jpg,Premier League 🏴󠁧󠁢󠁥󠁮󠁧󠁿,BBC Sport Football,Bruno Guimarães,Newcastle,Arsenal,Non communiqué,RUMEUR 📰,Neutre,arsenalsignguimaraesfromnewcastlein75mdeal,Premier League 🏴󠁧󠁢󠁥󠁮󠁧󠁿,Brésil 🇧🇷,0.0
Barca make second bid for Rodri - Sunday's gossip,https://www.bbc.co.uk/sport/football/articles/c05qvj0yj46o?at_medium=RSS&at_campaign=rss,"Sat, 08 Aug 2026 20:37:28 GMT",2026-08-08T23:56:01.146282,en,"Barcelona increase their Rodri bid, Cristian Romero wants to join Arsenal, Forest are set to sign Ousmane Diomande, plus more.",https://ichef.bbci.co.uk/ace/standard/240/cpsprodpb/93bd/live/af99c1c0-9367-11f1-870d-5d08c49babb2.png,Premier League 🏴󠁧󠁢󠁥󠁮󠁧󠁿,BBC Sport Football,Ousmane Diomande,FC Barcelone,Arsenal,Non communiqué,NEGOCIATION 💬,Neutre,barcamakesecondbidforrodrisundaysgossip,Premier League 🏴󠁧󠁢󠁥󠁮󠁧󠁿,Côte d'Ivoire 🇨🇮,0.0
Garcia hopes long-term friend Alonso's Chelsea finish second to Liverpool,https://www.bbc.co.uk/sport/football/articles/c4gj9j7yv9do?at_medium=RSS&at_campaign=rss,"Sat, 08 Aug 2026 16:45:47 GMT",2026-08-08T23:56:01.146624,en,"As two Liverpool legends meet in pre-season, Luis Garcia says he hopes Xabi Alonso's Chelsea finish behind their former club in the Premier League.",https://ichef.bbci.co.uk/ace/standard/240/cpsprodpb/c111/live/938cefe0-91a3-11f1-a8b2-a13c32fec0b9.jpg,Premier League 🏴󠁧󠁢󠁥󠁮󠁧󠁿,BBC Sport Football,Xabi Alonso,Chelsea,Liverpool,Non communiqué,RUMEUR 📰,Neutre,garciahopeslongtermfriendalonsoschelseafinishsecondtoliverpo,Premier League 🏴󠁧󠁢󠁥󠁮󠁧󠁿,Espagne 🇪🇸,0.0
Watch Guimaraes' best moments after Arsenal sign midfield maestro,https://www.bbc.co.uk/sport/football/videos/cp3r469vq79o?at_medium=RSS&at_campaign=rss,"Sat, 08 Aug 2026 11:09:40 GMT",2026-08-08T23:56:01.146801,en,Watch Bruno Guimaraes' best Premier League moments after Arsenal sign the Brazil midfielder from Newcastle.,https://ichef.bbci.co.uk/ace/standard/240/cpsprodpb/85c0/live/ec273140-9187-11f1-b8ee-9b3c26ad07bb.jpg,Premier League 🏴󠁧󠁢󠁥󠁮󠁧󠁿,BBC Sport Football,Bruno Guimarães,Newcastle,Arsenal,Non communiqué,RUMEUR 📰,Neutre,watchguimaraesbestmomentsafterarsenalsignmidfieldmaestro,Premier League 🏴󠁧󠁢󠁥󠁮󠁧󠁿,Brésil 🇧🇷,0.0
Chelsea lose friendly as Juventus score stunning winner,https://www.bbc.co.uk/sport/football/videos/c62qvzn4zx1o?at_medium=RSS&at_campaign=rss,"Wed, 05 Aug 2026 16:16:08 GMT",2026-08-08T23:56:01.147175,en,Watch highlights as Chelsea suffer a narrow defeat in a friendly match by Juventus in Hong Kong thanks to a wonderful goal by Edon Zhegrova.,https://ichef.bbci.co.uk/ace/standard/240/cpsprodpb/443a/live/ba594120-90e8-11f1-b2ab-0dd01740f9f6.jpg,Premier League 🏴󠁧󠁢󠁥󠁮󠁧󠁿,BBC Sport Football,Joueur Star,Chelsea,Juventus,Non communiqué,RUMEUR 📰,Neutre,chelsealosefriendlyasjuventusscorestunningwinner,Premier League 🏴󠁧󠁢󠁥󠁮󠁧󠁿,International 🌍,0.0
Wolves legend Parkes dies aged 79,https://www.bbc.co.uk/sport/football/articles/c5y3d1l0236o?at_medium=RSS&at_campaign=rss,"Sat, 08 Aug 2026 12:28:38 GMT",2026-08-08T23:56:01.150012,en,Former Wolverhampton Wanderers goalkeeper Phil Parkes dies at the age of 79.,https://ichef.bbci.co.uk/ace/standard/240/cpsprodpb/1667/live/1bccd000-9320-11f1-848f-43f11d41d8f5.jpg,Premier League 🏴󠁧󠁢󠁥󠁮󠁧󠁿,BBC Sport Football,Joueur Star,,Wolverhampton,Non communiqué,RUMEUR 📰,Neutre,wolveslegendparkesdiesaged79,Premier League 🏴󠁧󠁢󠁥󠁮󠁧󠁿,International 🌍,0.0
Messi's father Jorge dies aged 68 after illness,https://www.bbc.co.uk/sport/football/articles/c70gn3w5ek5o?at_medium=RSS&at_campaign=rss,"Sat, 08 Aug 2026 15:51:11 GMT",2026-08-08T23:56:01.150507,en,Lionel Messi's father and agent Jorge dies at the age of 68 following a long illness.,https://ichef.bbci.co.uk/ace/standard/240/cpsprodpb/dcf2/live/be4e3d50-933e-11f1-a35f-039358cea467.jpg,Premier League 🏴󠁧󠁢󠁥󠁮󠁧󠁿,BBC Sport Football,Lionel Messi,Inter Miami,,Non communiqué,RUMEUR 📰,Neutre,messisfatherjorgediesaged68afterillness,Premier League 🏴󠁧󠁢󠁥󠁮󠁧󠁿,Argentine 🇦🇷,0.0
Inside Newcastle 2.0 - how the project is changing,https://www.bbc.co.uk/sport/football/articles/cd7lzdpjlg2o?at_medium=RSS&at_campaign=rss,"Sat, 08 Aug 2026 05:50:20 GMT",2026-08-08T23:56:01.150828,en,Matthias Jaissle will take charge of his first friendly as Newcastle United head coach against Valencia as a new era begins.,https://ichef.bbci.co.uk/ace/standard/240/cpsprodpb/c98a/live/662c2c80-9286-11f1-9985-cdf6a137096d.jpg,Premier League 🏴󠁧󠁢󠁥󠁮󠁧󠁿,BBC Sport Football,Inside Newcastle,Newcastle,Valence CF,Non communiqué,RUMEUR 📰,Neutre,insidenewcastle20howtheprojectischanging,Premier League 🏴󠁧󠁢󠁥󠁮󠁧󠁿,International 🌍,0.0
Sullivan attends West Ham game despite advice not to,https://www.bbc.co.uk/sport/football/articles/c07rx4r40ngo?at_medium=RSS&at_campaign=rss,"Sat, 08 Aug 2026 14:23:56 GMT",2026-08-08T23:56:01.151032,en,Former West Ham co-chairman David Sullivan attends their Carabao Cup match against Portsmouth despite being advised he should stay away.,https://ichef.bbci.co.uk/ace/standard/240/cpsprodpb/fc60/live/56ecf120-9333-11f1-8c55-af7610e137d7.jpg,Premier League 🏴󠁧󠁢󠁥󠁮󠁧󠁿,BBC Sport Football,Joueur Star,,West Ham,Non communiqué,RUMEUR 📰,Neutre,sullivanattendswesthamgamedespiteadvicenotto,Premier League 🏴󠁧󠁢󠁥󠁮󠁧󠁿,International 🌍,0.0
Life as a Wag in the transfer window,https://www.bbc.co.uk/sport/football/articles/cx2jpgj24vlo?at_medium=RSS&at_campaign=rss,"Sat, 08 Aug 2026 05:15:34 GMT",2026-08-08T23:56:01.151226,en,What is life like for footballers' families during the transfer window where a last-minute deal means you need to uproot your life and move hundreds of miles?,https://ichef.bbci.co.uk/ace/standard/240/cpsprodpb/8ebc/live/82fc5780-925f-11f1-b9ff-37ae3aba3894.jpg,Premier League 🏴󠁧󠁢󠁥󠁮󠁧󠁿,BBC Sport Football,Joueur Star,,,Non communiqué,RUMEUR 📰,Neutre,lifeasawaginthetransferwindow,Premier League 🏴󠁧󠁢󠁥󠁮󠁧󠁿,International 🌍,0.0
Man City agree deal to sign Marseille keeper Rulli,https://www.bbc.co.uk/sport/football/articles/cwye10q7e92o?at_medium=RSS&at_campaign=rss,"Sat, 08 Aug 2026 06:00:37 GMT",2026-08-08T23:56:01.151440,en,Manchester City agree a deal to sign Argentina goalkeeper Geronimo Rulli from Marseille.,https://ichef.bbci.co.uk/ace/standard/240/cpsprodpb/4d4c/live/69d3cb90-92e5-11f1-98e4-b7a92b11b9a4.jpg,Premier League 🏴󠁧󠁢󠁥󠁮󠁧󠁿,BBC Sport Football,Joueur Star,Olympique de Marseille,Manchester City,Non communiqué,RUMEUR 📰,Neutre,mancityagreedealtosignmarseillekeeperrulli,Premier League 🏴󠁧󠁢󠁥󠁮󠁧󠁿,International 🌍,0.0
Why can't the Premier League attract the world's best players?,https://www.bbc.co.uk/sport/football/articles/c4gw03rqwkwo?at_medium=RSS&at_campaign=rss,"Fri, 07 Aug 2026 13:22:20 GMT",2026-08-08T23:56:01.151683,en,"Vinicius Jr chose to stay at Real Madrid, but why does the Premier League rarely attract global superstars at their peak?",https://ichef.bbci.co.uk/ace/standard/240/cpsprodpb/1688/live/dc961210-9244-11f1-afba-01cbe043dea0.jpg,Premier League 🏴󠁧󠁢󠁥󠁮󠁧󠁿,BBC Sport Football,Vinicius Jr,Real Madrid,,Non communiqué,RUMEUR 📰,Neutre,whycantthepremierleagueattracttheworldsbestplayers,Premier League 🏴󠁧󠁢󠁥󠁮󠁧󠁿,Brésil 🇧🇷,0.0
Is football AI-proof? Why tech investors wanted a slice of the World Cup,https://www.bbc.co.uk/news/articles/cd7l4e3v238o?at_medium=RSS&at_campaign=rss,"Sat, 08 Aug 2026 13:41:32 GMT",2026-08-08T23:56:01.151903,en,"What was the thinking of the investors backing the now-canned plan, and are such proposals in the future inevitable?",https://ichef.bbci.co.uk/ace/standard/240/cpsprodpb/2700/live/b51ae4b0-91b6-11f1-bab9-173de0e7d358.jpg,Premier League 🏴󠁧󠁢󠁥󠁮󠁧󠁿,BBC Sport Football,World Cup,,,Non communiqué,RUMEUR 📰,Neutre,isfootballaiproofwhytechinvestorswantedasliceoftheworldcup,Premier League 🏴󠁧󠁢󠁥󠁮󠁧󠁿,International 🌍,0.0
'Critically important' summit called on future of Scottish football,https://www.bbc.co.uk/sport/football/articles/cglj813z9rro?at_medium=RSS&at_campaign=rss,"Sat, 08 Aug 2026 13:40:39 GMT",2026-08-08T23:56:01.152137,en,"The Scottish Football Association is to hold a ""critically important"" summit around the future of the national game.",https://ichef.bbci.co.uk/ace/standard/240/cpsprodpb/4d70/live/471ad2a0-9282-11f1-9985-cdf6a137096d.jpg,Premier League 🏴󠁧󠁢󠁥󠁮󠁧󠁿,BBC Sport Football,Joueur Star,,,Non communiqué,RUMEUR 📰,Neutre,criticallyimportantsummitcalledonfutureofscottishfootball,Premier League 🏴󠁧󠁢󠁥󠁮󠁧󠁿,International 🌍,0.0
Liverpool close to signing Barcelona's Araujo on loan,https://www.bbc.co.uk/sport/football/articles/c4gxvvxldewo?at_medium=RSS&at_campaign=rss,"Fri, 07 Aug 2026 22:54:13 GMT",2026-08-08T23:56:01.152358,en,"Liverpool are close to signing Uruguay defender Ronald Araujo on a season-long loan from Barcelona, with an option to purchase.",https://ichef.bbci.co.uk/ace/standard/240/cpsprodpb/9bef/live/cf4ac4d0-92ac-11f1-b46e-575b1f2fecf1.jpg,Premier League 🏴󠁧󠁢󠁥󠁮󠁧󠁿,BBC Sport Football,Ronald Araújo,FC Barcelone,Liverpool,loan,RUMEUR 📰,Neutre,liverpoolclosetosigningbarcelonasaraujoonloan,Premier League 🏴󠁧󠁢󠁥󠁮󠁧󠁿,Uruguay 🇺🇾,0.0
A secret invite and other 'pinch-me' moments before Leicester woke up,https://www.bbc.co.uk/sport/football/articles/cy7j72nvzmzo?at_medium=RSS&at_campaign=rss,"Fri, 07 Aug 2026 12:41:51 GMT",2026-08-08T23:56:01.152577,en,Leicester are gearing up for League One but 10 years ago they were defending Premier League champions. The dream moments haven't been forgotten.,https://ichef.bbci.co.uk/ace/standard/240/cpsprodpb/b4ae/live/f49263e0-901a-11f1-b8ee-9b3c26ad07bb.jpg,Premier League 🏴󠁧󠁢󠁥󠁮󠁧󠁿,BBC Sport Football,Joueur Star,,,Non communiqué,RUMEUR 📰,Neutre,asecretinviteandotherpinchmemomentsbeforeleicesterwokeup,Premier League 🏴󠁧󠁢󠁥󠁮󠁧󠁿,International 🌍,0.0
"United, sirene arabe per Bruno Fernandes: pronta un'offerta da 100 milioni",https://www.calciomercato.com/news/manchester-united-bruno-fernandes-pronti-100-milioni-dallarabia-74884/?intcmp=gazzanet-bruno-fernandes,"Tue, 14 Nov 2023 08:36:00 +0100",2026-08-08T23:56:01.206645,it,,https://www.gazzetta.it/methode_image/2023/11/13/Calcio/Foto_Calcio_-_Trattate/f547fc6c078fc444d70556cd37bb5d10_800x450.jpg,Serie A 🇮🇹,Gazzetta dello Sport Mercato,Bruno Fernandes,Manchester United,,Non communiqué,RUMEUR 📰,Neutre,unitedsirenearabeperbrunofernandesprontaunoffertada100milion,Serie A 🇮🇹,Portugal 🇵🇹,0.0
"Koopmeiners, la Premier nel destino. Ma la Dea aspetta un'offerta in stile Hojlund",https://www.gazzetta.it/Calcio/Calciomercato/Atalanta/13-11-2023/koopmeiners-la-premier-nel-destino-ma-l-atalanta-aspetta-un-offerta-in-stile-hojlund.shtml,"Mon, 13 Nov 2023 20:44:41 +0100",2026-08-08T23:56:01.211075,it,,https://www.gazzetta.it/methode_image/2023/11/13/Calcio/Foto_Calcio/134208aa-825d-11ee-a82c-2a5b35f57ee8_800x450.jpg,Serie A 🇮🇹,Gazzetta dello Sport Mercato,Teun Koopmeiners,Juventus,,Non communiqué,RUMEUR 📰,Neutre,koopmeinerslapremierneldestinomaladeaaspettaunoffertainstile,Serie A 🇮🇹,Pays-Bas 🇳🇱,0.0
"Napoli, De Laurentiis ha il sì di Tudor: oggi la firma",https://www.gazzetta.it/Calcio/Calciomercato/Napoli/13-11-2023/napoli-de-laurentis-tudor-l-incontro-i-nodi-durata-del-contratto-e-modulo.shtml,"Mon, 13 Nov 2023 16:54:23 +0100",2026-08-08T23:56:01.213916,it,,https://www.gazzetta.it/methode_image/2023/11/13/Calcio/Foto_Calcio/5ce0228a-8262-11ee-a82c-2a5b35f57ee8_800x450.jpg,Ligue 1 🇫🇷,Gazzetta dello Sport Mercato,De Laurentiis,,Napoli,Non communiqué,RUMEUR 📰,Neutre,napolidelaurentiishailsìditudoroggilafirma,Ligue 1 🇫🇷,International 🌍,0.0
"Phillips, 90' in panchina: è ai margini col City e la Juve avanza",https://www.gazzetta.it/Calcio/Serie-A/Juventus/13-11-2023/juve-phillips-ai-margini-al-city-i-bianconeri-avanzano.shtml,"Mon, 13 Nov 2023 10:32:53 +0100",2026-08-08T23:56:01.215028,it,,https://www.gazzetta.it/methode_image/2023/11/13/Calcio/Foto_Calcio/9bcd6cec-8207-11ee-a82c-2a5b35f57ee8_800x450.jpg,Ligue 1 🇫🇷,Gazzetta dello Sport Mercato,Joueur Star,,Juventus,Non communiqué,RUMEUR 📰,Neutre,phillips90inpanchinaèaimarginicolcityelajuveavanza,Ligue 1 🇫🇷,International 🌍,0.0
"Guardiola, frecciata a Phillips? Il tecnico: ""Venderemo chi vuole andarsene""",https://www.calciomercato.com/news/guardiola-non-trattiene-phillips-vendo-chi-vuole-andarsene-palla-77886/?intcmp=gazzanet-phillips,"Mon, 13 Nov 2023 07:28:57 +0100",2026-08-08T23:56:01.216144,it,,https://www.gazzetta.it/methode_image/2023/11/12/Calcio/Foto_Calcio_-_Trattate/7bac69ca-81a0-11ee-8bb5-58e96c4335f8_800x450.jpg,Ligue 1 🇫🇷,Gazzetta dello Sport Mercato,Pep Guardiola,Manchester City,,Non communiqué,RUMEUR 📰,Neutre,guardiolafrecciataaphillipsiltecnicovenderemochivuoleandarse,Ligue 1 🇫🇷,Espagne 🇪🇸,0.0
"Napoli, per Garcia è finita: Tudor in pole, Cannavaro l'alternativa",https://www.gazzetta.it/Calcio/Serie-A/Napoli/12-11-2023/napoli-de-laurentiis-striglia-la-squadra-garcia-esautorato.shtml,"Sun, 12 Nov 2023 17:31:03 +0100",2026-08-08T23:56:01.216885,it,,https://www.gazzetta.it/methode_image/2023/11/12/Calcio/Foto_Calcio/ccac9c86-8197-11ee-8bb5-58e96c4335f8_800x450.jpg,Ligue 1 🇫🇷,Gazzetta dello Sport Mercato,Joueur Star,,Napoli,Non communiqué,RUMEUR 📰,Neutre,napolipergarciaèfinitatudorinpolecannavarolalternativa,Ligue 1 🇫🇷,International 🌍,0.0
"Napoli, chi al posto di Garcia? Piste Cannavaro e Tudor, e Mazzarri...",https://www.gazzetta.it/Calcio/Serie-A/Napoli/12-11-2023/napoli-chi-al-posto-di-garcia-fabio-cannavaro-tudor-e-mazzarri-fra-i-papabili.shtml,"Sun, 12 Nov 2023 15:37:46 +0100",2026-08-08T23:56:01.217570,it,,https://www.gazzetta.it/methode_image/2023/11/12/Calcio/Foto_Calcio/ea02b30c-8169-11ee-8bb5-58e96c4335f8_800x450.jpg,Ligue 1 🇫🇷,Gazzetta dello Sport Mercato,Piste Cannavaro,,Napoli,Non communiqué,RUMEUR 📰,Neutre,napolichialpostodigarciapistecannavaroetudoremazzarri,Ligue 1 🇫🇷,International 🌍,0.0
"Lautaro, contratto e scudetto: passi in avanti per il rinnovo e guida la sfida alla Juventus",https://www.gazzetta.it/Calcio/Serie-A/Inter/12-11-2023/lautaro-contratto-e-scudetto-passi-in-avanti-per-il-rinnovo-e-guida-la-sfida-alla-juve.shtml,"Sun, 12 Nov 2023 11:31:27 +0100",2026-08-08T23:56:01.218067,it,,https://www.gazzetta.it/methode_image/2023/11/12/Calcio/Foto_Calcio/9fe24184-8146-11ee-8bb5-58e96c4335f8_800x450.jpg,Serie A 🇮🇹,Gazzetta dello Sport Mercato,Lautaro Martínez,Inter Milan,Juventus,Non communiqué,RUMEUR 📰,Neutre,lautarocontrattoescudettopassiinavantiperilrinnovoeguidalasf,Serie A 🇮🇹,Argentine 🇦🇷,0.0
"Rugani, dopo il gol c'è la firma: ""Per il rinnovo troveremo un accordo con la Juve""",https://www.gazzetta.it/Calcio/Serie-A/Juventus/12-11-2023/juve-rugani-vicino-al-rinnovo.shtml,"Sun, 12 Nov 2023 10:58:34 +0100",2026-08-08T23:56:01.218527,it,,https://www.gazzetta.it/methode_image/2023/11/12/Calcio/Foto_Calcio/082e84fa-8142-11ee-8bb5-58e96c4335f8_800x450.jpg,Ligue 1 🇫🇷,Gazzetta dello Sport Mercato,Joueur Star,,Juventus,Non communiqué,RUMEUR 📰,Bullish,ruganidopoilgolcèlafirmaperilrinnovotroveremounaccordoconlaj,Ligue 1 🇫🇷,International 🌍,0.0
"Liverpool, occhi su un gioiello del Leeds: pronti 40 milioni",https://www.calciomercato.com/news/liverpool-40-milioni-per-un-gioiello-del-leeds-70793/?intcmp=gazzanet-liverpool,"Sun, 12 Nov 2023 08:08:51 +0100",2026-08-08T23:56:01.221791,it,,https://www.gazzetta.it/methode_image/2023/11/11/Calcio/Foto_Calcio_-_Trattate/46e4b242-80d8-11ee-aef6-6cc8695c5adf_800x450.jpg,Premier League 🏴󠁧󠁢󠁥󠁮󠁧󠁿,Gazzetta dello Sport Mercato,Joueur Star,,Liverpool,Non communiqué,RUMEUR 📰,Neutre,liverpoolocchisuungioiellodelleedspronti40milioni,Premier League 🏴󠁧󠁢󠁥󠁮󠁧󠁿,International 🌍,0.0
Non solo Phillips: il piano-mercato Juve per il centrocampo del futuro,https://www.gazzetta.it/Calcio/Calciomercato/Juventus/11-11-2023/juve-su-phillips-e-non-solo-le-strategie-di-mercato-a-centrocampo.shtml,"Sat, 11 Nov 2023 14:19:56 +0100",2026-08-08T23:56:01.222473,it,,https://www.gazzetta.it/methode_image/2023/11/11/Calcio/Foto_Calcio/ff555db6-8094-11ee-aef6-6cc8695c5adf_800x450.jpg,Ligue 1 🇫🇷,Gazzetta dello Sport Mercato,Joueur Star,,Juventus,Non communiqué,RUMEUR 📰,Neutre,nonsolophillipsilpianomercatojuveperilcentrocampodelfuturo,Ligue 1 🇫🇷,International 🌍,0.0
"Arsenal, Partey vuole andar via. Arteta vuole Zubimendi della Real Sociedad",https://www.calciomercato.com/news/arsenal-partey-ha-chiesto-di-andarsene-arteta-guarda-in-spagna-10337?intcmp=gazzanetcm-zubimendi,"Sat, 11 Nov 2023 08:39:19 +0100",2026-08-08T23:56:01.223765,it,,https://www.gazzetta.it/methode_image/2023/11/10/Calcio/Foto_Calcio_-_Trattate/070d71e2-800e-11ee-b36d-b69ad55b9a90_800x450.jpg,Premier League 🏴󠁧󠁢󠁥󠁮󠁧󠁿,Gazzetta dello Sport Mercato,Mikel Arteta,Arsenal,Real Sociedad,Non communiqué,RUMEUR 📰,Neutre,arsenalparteyvuoleandarviaartetavuolezubimendidellarealsocie,Premier League 🏴󠁧󠁢󠁥󠁮󠁧󠁿,Espagne 🇪🇸,0.0
"Tottenham, occhi su Guirassy: la clausola vale meno di 20 milioni",https://www.calciomercato.com/news/inter-e-milan-spunta-una-clausola-favorevole-per-guirassy-ma-la--83971?intcmp=gazzanetcm-guirassy,"Sat, 11 Nov 2023 08:36:04 +0100",2026-08-08T23:56:01.224135,it,,https://www.gazzetta.it/methode_image/2023/11/10/Calcio/Foto_Calcio_-_Trattate/fc015312-800e-11ee-b36d-b69ad55b9a90_800x450.jpg,Premier League 🏴󠁧󠁢󠁥󠁮󠁧󠁿,Gazzetta dello Sport Mercato,Serhou Guirassy,Borussia Dortmund,Tottenham,Non communiqué,RUMEUR 📰,Neutre,tottenhamocchisuguirassylaclausolavalemenodi20milioni,Premier League 🏴󠁧󠁢󠁥󠁮󠁧󠁿,Guinée 🇬🇳,0.0
"L'evoluzione dell'attacco: Giroud fino al 2025, David in estate, poi Colombo e il baby Camarda",https://www.gazzetta.it/Calcio/Serie-A/Milan/10-11-2023/milan-da-giroud-a-camarda-come-cambiera-l-attacco.shtml,"Fri, 10 Nov 2023 12:39:18 +0100",2026-08-08T23:56:01.224535,it,,https://www.gazzetta.it/methode_image/2023/11/10/Calcio/Foto_Calcio/c64aef5e-7fbd-11ee-b36d-b69ad55b9a90_800x450.jpg,Ligue 1 🇫🇷,Gazzetta dello Sport Mercato,Olivier Giroud,Los Angeles FC,,Non communiqué,RUMEUR 📰,Neutre,levoluzionedellattaccogiroudfinoal2025davidinestatepoicolomb,Ligue 1 🇫🇷,France 🇫🇷,0.0
"A Leeds lo chiamavano Pirlo, è il mediano giusto per Allegri: Juve, come gioca Phillips",https://www.gazzetta.it/Calcio/Calciomercato/Juventus/10-11-2023/calciomercato-juve-come-gioca-phillips-e-come-cambia-allegri-con-lui.shtml,"Fri, 10 Nov 2023 07:25:36 +0100",2026-08-08T23:56:01.224955,it,,https://www.gazzetta.it/methode_image/2023/11/10/Calcio/Foto_Calcio/f3ff4e26-7f91-11ee-b36d-b69ad55b9a90_800x450.jpg,Ligue 1 🇫🇷,Gazzetta dello Sport Mercato,Joueur Star,,Juventus,Non communiqué,RUMEUR 📰,Neutre,aleedslochiamavanopirloèilmedianogiustoperallegrijuvecomegio,Ligue 1 🇫🇷,International 🌍,0.0
"Real Madrid su Haaland? Parla Rafaela Pimenta, agente del giocatore",https://www.calciomercato.com/news/real-madrid-su-haaland-arriva-la-risposta-della-pimenta-54817/?intcmp=gazzanet-haaland,"Fri, 10 Nov 2023 07:18:48 +0100",2026-08-08T23:56:01.225157,it,,https://www.gazzetta.it/methode_image/2023/11/09/Calcio/Foto_Calcio_-_Trattate/c0244f1a-7f33-11ee-b519-de1931935e76_800x450.jpg,La Liga 🇪🇸,Gazzetta dello Sport Mercato,Erling Haaland,Manchester City,Real Madrid,Non communiqué,RUMEUR 📰,Neutre,realmadridsuhaalandparlarafaelapimentaagentedelgiocatore,La Liga 🇪🇸,Norvège 🇳🇴,0.0
"Manchester United, allarme Arabia: due centrocampisti nel mirino dei club sauditi",https://www.calciomercato.com/news/manchester-united-non-solo-casemiro-anche-il-capitano-nel-mirino-90766/?intcmp=gazzanet-manchester-united,"Fri, 10 Nov 2023 07:18:32 +0100",2026-08-08T23:56:01.225336,it,,https://www.gazzetta.it/methode_image/2023/11/09/Calcio/Foto_Calcio_-_Trattate/0e72bad0-7f34-11ee-b519-de1931935e76_800x450.jpg,Premier League 🏴󠁧󠁢󠁥󠁮󠁧󠁿,Gazzetta dello Sport Mercato,Joueur Star,,Manchester United,Non communiqué,RUMEUR 📰,Neutre,manchesterunitedallarmearabiaduecentrocampistinelmirinodeicl,Premier League 🏴󠁧󠁢󠁥󠁮󠁧󠁿,International 🌍,0.0
Bruno Guimarães completes £75m Arsenal move: ‘I needed a new challenge’,https://www.theguardian.com/football/2026/aug/08/arsenal-transfer-bruno-guimaraes-newcastle-football,"Sat, 08 Aug 2026 11:00:48 GMT",2026-08-08T23:56:03.752866,en,Four-year deal signed after Newcastle’s reluctant sale‘I want to win trophies and I’m in the right place to do it’Bruno Guimarães says he “needed a new challenge in my life” after joining Arsenal from Newcastle for £75m and has targeted winning trophies. Guimarães is understood to have signed a four-year contract that contains a further one-year option after Newcastle reluctantly agreed to sell th,https://i.guim.co.uk/img/media/fa40be3ea3d1484aa696d71849024567dee05be6/94_723_5090_4069/master/5090.jpg?width=140&quality=85&auto=format&fit=max&s=c5d99e2effd5d85a4d87c646747348f9,Premier League 🏴󠁧󠁢󠁥󠁮󠁧󠁿,The Guardian Transfers,Bruno Guimarães,Newcastle,Arsenal,Non communiqué,RUMEUR 📰,Bullish,brunoguimarãescompletes75marsenalmoveineededanewchallenge,Premier League 🏴󠁧󠁢󠁥󠁮󠁧󠁿,Brésil 🇧🇷,0.0
Liverpool agree to sign Barcelona’s Ronald Araújo on loan as Jacquet cover,https://www.theguardian.com/football/2026/aug/08/liverpool-barcelona-ronald-araujo-loan-football-transfer,"Sat, 08 Aug 2026 10:44:10 GMT",2026-08-08T23:56:03.753631,en,Andoni Iraola moves to improve defensive optionsUruguay defender expected to complete his medical Liverpool have agreed to sign Ronald Araújo on a season-long loan from Barcelona after Andoni Iraola was faced with lack of defensive options for the start of the new season.Concerns over Jérémy Jacquet – the France Under -21 defender who arrived last season for more than £50m – and injuries to Joe Go,https://i.guim.co.uk/img/media/ad0471493bd387560cfb329d0e984d9de2a71d53/292_0_1770_1416/master/1770.jpg?width=140&quality=85&auto=format&fit=max&s=751bd8f5593b6e354d8f6ded4255bc63,Premier League 🏴󠁧󠁢󠁥󠁮󠁧󠁿,The Guardian Transfers,Ronald Araújo,FC Barcelone,Liverpool,loan,RUMEUR 📰,Neutre,liverpoolagreetosignbarcelonasronaldaraújoonloanasjacquetcov,Premier League 🏴󠁧󠁢󠁥󠁮󠁧󠁿,Uruguay 🇺🇾,0.0
Jay-Z’s Roc Nation Sports making waves in European football transfer market,https://www.theguardian.com/football/2026/aug/07/jay-z-roc-nation-sports-european-football-transfer-market-vinicius-junior-yan-diomande,"Fri, 07 Aug 2026 19:00:24 GMT",2026-08-08T23:56:03.758488,en,"Vinícius Júnior and Yan Diomande are among more than 100 players at an agency owned by the hip-hop legendIn the end there was a clear winner. And Jay-Z’s latest victory came only 24 hours after the first record featuring him actually rapping for four years had been released by his wife, Beyoncé, on an extended remix pack of Morning Dew (Donk).These days, the man who remains one of the most influen",https://i.guim.co.uk/img/media/241eae4079055f5c13928e3c6b5ce72cf82cdb3b/311_0_5899_4719/master/5899.jpg?width=140&quality=85&auto=format&fit=max&s=9bb9984e9c5288fd249c63325a0820c5,Premier League 🏴󠁧󠁢󠁥󠁮󠁧󠁿,The Guardian Transfers,Ousmane Diomande,Sporting CP,,Non communiqué,RUMEUR 📰,Bullish,jayzsrocnationsportsmakingwavesineuropeanfootballtransfermar,Premier League 🏴󠁧󠁢󠁥󠁮󠁧󠁿,Côte d'Ivoire 🇨🇮,0.0
Manchester City reject Barcelona’s opening £38.5m bid for Rodri as talks continue,https://www.theguardian.com/football/2026/aug/07/manchester-city-reject-barcelonas-opening-385m-bid-for-rodri-as-talks-continue,"Fri, 07 Aug 2026 14:02:12 GMT",2026-08-08T23:56:03.783110,en,Mourinho reportedly unhappy over Barça hijackCity ready to seal deal for Morocco star BouaddiManchester City have rejected an offer of £38.5m (€45m) from Barcelona for Rodri and want at least £60m before allowing Spain’s World Cup-winning captain to depart.Barcelona have emerged as Rodri’s preferred destination after talks with Real Madrid broke down this week. It is understood that the 30-year-ol,https://i.guim.co.uk/img/media/c046fa94744fb731677f7e96e2787ba28899dbec/158_0_3451_2760/master/3451.jpg?width=140&quality=85&auto=format&fit=max&s=ad142f62bb63549ccd2828ad31bdf5db,Premier League 🏴󠁧󠁢󠁥󠁮󠁧󠁿,The Guardian Transfers,José Mourinho,Manchester City,FC Barcelone,Non communiqué,NEGOCIATION 💬,Neutre,manchestercityrejectbarcelonasopening385mbidforrodriastalksc,Premier League 🏴󠁧󠁢󠁥󠁮󠁧󠁿,Portugal 🇵🇹,0.0
Tottenham and Atlético in talks over Romero with Van de Ven set to sign new deal,https://www.theguardian.com/football/2026/aug/07/tottenham-and-atletico-in-talks-over-romero-with-van-de-ven-set-to-sign-new-deal,"Fri, 07 Aug 2026 10:37:43 GMT",2026-08-08T23:56:03.784989,en,Simeone keen on move for Spurs defenderVan de Ven expected to pen five-year extensionTottenham are in talks with Atlético Madrid over the sale of Cristian Romero after categorically rejecting Arsenal’s approach for the Argentina defender and are expected to agree a new five-year deal with Micky van de Ven.Romero has made no secret of his desire to leave Spurs despite signing a new four-year contra,https://i.guim.co.uk/img/media/c772102745e2f6cd0f04d6d0e72dc28851c9df48/925_169_2944_2355/master/2944.jpg?width=140&quality=85&auto=format&fit=max&s=90bc2a39b475a9e0d0add2975c825686,Premier League 🏴󠁧󠁢󠁥󠁮󠁧󠁿,The Guardian Transfers,Diego Simeone,Atlético de Madrid,Tottenham,Non communiqué,NEGOCIATION 💬,Neutre,tottenhamandatléticointalksoverromerowithvandevensettosignne,Premier League 🏴󠁧󠁢󠁥󠁮󠁧󠁿,Argentine 🇦🇷,0.0
Football transfer rumours: Cristian Romero to leave Spurs for … Arsenal?,https://www.theguardian.com/football/2026/aug/07/football-transfer-rumours-cristian-romero-spurs-arsenal-atletico-inter,"Fri, 07 Aug 2026 09:32:37 GMT",2026-08-08T23:56:03.811332,en,"Today’s rumours wonder what it’s got to do with AberdeenTwenty-five years after Sol Campbell’s move from White Hart Lane to Highbury, are we finally getting a sequel? Cristian Romero, Tottenham’s captain, has piqued Arsenal’s interest, the Athletic reports, though they also reckon it’s pretty unlikely that Spurs will allow such drama. D’oh. It would bring some tantalising chaos to this transfer wi",https://i.guim.co.uk/img/media/7cb98cf6499084a655ea4f12f252b7241ec2107f/453_88_1187_949/master/1187.jpg?width=140&quality=85&auto=format&fit=max&s=5f66cfa541d81b6fb6d3709a7aa9abea,Premier League 🏴󠁧󠁢󠁥󠁮󠁧󠁿,The Guardian Transfers,Cristian Romero,Tottenham,Arsenal,Non communiqué,RUMEUR 📰,Neutre,footballtransferrumourscristianromerotoleavespursforarsenal,Premier League 🏴󠁧󠁢󠁥󠁮󠁧󠁿,International 🌍,0.0
Arsenal hopes dashed after Vinícius Júnior extends Real Madrid contract to 2032,https://www.theguardian.com/football/2026/aug/06/arsenal-hopes-dashed-after-vinicius-junior-extends-real-madrid-contract-to-2032,"Thu, 06 Aug 2026 22:29:10 GMT",2026-08-08T23:56:03.812818,en,"Brazil international has agreed a new six-year deal‘Eight years at the Bernabéu are too few,’ says ViníciusVinícius Júnior has ended summer speculation over his future by agreeing a new six-year contract with Real Madrid. Arsenal had been heavily linked with a move for the Brazil international, who had entered the final 12 months of his deal at the Bernabéu.A tumultuous 2025-26 campaign in which R",https://i.guim.co.uk/img/media/d822aacac0eea8dabc179b04764d6096794d25b7/162_103_2688_2150/master/2688.jpg?width=140&quality=85&auto=format&fit=max&s=97e427cccc1fb4bccec67a9933c271d9,Premier League 🏴󠁧󠁢󠁥󠁮󠁧󠁿,The Guardian Transfers,Vinicius Jr,Real Madrid,Real Madrid,Non communiqué,RUMEUR 📰,Neutre,arsenalhopesdashedafterviníciusjúniorextendsrealmadridcontra,Premier League 🏴󠁧󠁢󠁥󠁮󠁧󠁿,Brésil 🇧🇷,0.0
Kerolin failed to report for pre-season at Manchester City before Barcelona switch,https://www.theguardian.com/football/2026/aug/06/kerolin-failed-to-report-for-pre-season-at-manchester-city-before-barcelona-switch,"Thu, 06 Aug 2026 19:35:07 GMT",2026-08-08T23:56:03.826067,en,City taken aback by forward’s absence from trainingWSL champions wait two days before mentioning dealThe Brazil forward Kerolin failed to report back for pre-season training at Manchester City in July before her transfer to Barcelona had been agreed.Barcelona announced their signing of the 26-year-old on Tuesday but it was not until Thursday evening when Manchester City first made any reference to,https://i.guim.co.uk/img/media/519c94e89d00a2f5c8dda9193e71ada40759062b/2265_368_4930_3945/master/4930.jpg?width=140&quality=85&auto=format&fit=max&s=7d0bb909ae15878e53132cbe68e661a9,Premier League 🏴󠁧󠁢󠁥󠁮󠁧󠁿,The Guardian Transfers,Joueur Star,Manchester City,FC Barcelone,Non communiqué,RUMEUR 📰,Neutre,kerolinfailedtoreportforpreseasonatmanchestercitybeforebarce,Premier League 🏴󠁧󠁢󠁥󠁮󠁧󠁿,International 🌍,0.0
Barcelona step up Rodri interest after Real Madrid talks with Manchester City star stall,https://www.theguardian.com/football/2026/aug/06/barcelona-rodri-alvarez-manchester-city-real-madrid-transfers,"Thu, 06 Aug 2026 16:39:01 GMT",2026-08-08T23:56:03.844622,en,"Barça ready to hijack rivals’ plans to sign Spain captainManchester City will allow midfielder to go for £60mBarcelona have stepped up their attempts to hijack Real Madrid’s move to sign Rodri from Manchester City.While City have not given up hope that Spain’s World Cup-winning captain will sign a new contract after he entered the final year of his deal, they are thought to be willing to allow him",https://i.guim.co.uk/img/media/8aeb173606ae38bc4598e4fc0bec9fd92016535e/180_33_2358_1887/master/2358.jpg?width=140&quality=85&auto=format&fit=max&s=5241fff397bf31e6f0eb494b7893d882,Premier League 🏴󠁧󠁢󠁥󠁮󠁧󠁿,The Guardian Transfers,Rodri,FC Barcelone,Real Madrid,Non communiqué,NEGOCIATION 💬,Neutre,barcelonastepuprodriinterestafterrealmadridtalkswithmanchest,Premier League 🏴󠁧󠁢󠁥󠁮󠁧󠁿,Espagne 🇪🇸,0.0
Real Madrid announce arrival of £115m Yan Diomande on seven-year contract,https://www.theguardian.com/football/2026/aug/05/real-madrid-agree-club-record-115m-deal-for-yan-diomande-and-want-to-keep-vinicius,"Thu, 06 Aug 2026 15:15:19 GMT",2026-08-08T23:56:03.850577,en,"Forward becomes most expensive African playerClub are in positive talks with Vinícius JúniorReal Madrid have sealed the €135m (£115.7m) club-record signing of Yan Diomande from RB Leipzig.After several weeks of negotiations that saw Paris Saint-Germain pull out of the race, the deal for Diomande – the 19-year-old who joined the German side from Leganés last summer and starred for Côte d’Ivoire at ",https://i.guim.co.uk/img/media/66c044c02400ffc43c9a62caa40fe14b54096014/180_0_1794_1435/master/1794.jpg?width=140&quality=85&auto=format&fit=max&s=05df847266462c5e35b6f312a0667f6f,Premier League 🏴󠁧󠁢󠁥󠁮󠁧󠁿,The Guardian Transfers,Ousmane Diomande,Real Madrid,RB Leipzig,Non communiqué,RUMEUR 📰,Bullish,realmadridannouncearrivalof115myandiomandeonsevenyearcontrac,Premier League 🏴󠁧󠁢󠁥󠁮󠁧󠁿,Côte d'Ivoire 🇨🇮,0.0
Mohamed Salah to earn upwards of £14.5m per season in two-year Trabzonspor deal,https://www.theguardian.com/football/2026/aug/06/mohamed-salah-14m-per-season-two-year-trabzonspor-deal,"Thu, 06 Aug 2026 14:07:16 GMT",2026-08-08T23:56:03.856411,en,Club reveal salary to Turkish stock exchangeStriker will receive 20% from products sold in his nameMohamed Salah has signed a two-year deal with Trabzonspor and the Egypt forward will receive €17m (£14.5m) a season.The ⁠announcement to ‌the Turkish stock ‌exchange came ​as Trabzonspor fans prepared to head to the club’s stadium for a ceremony to mark the 34-year-old’s former Liverpool player’s sig,https://i.guim.co.uk/img/media/aa8926e8b2fd08f97b173ed278e3271c72926199/795_0_4938_3952/master/4938.jpg?width=140&quality=85&auto=format&fit=max&s=0a36a50d85a592eff578d0c1fb01917a,Premier League 🏴󠁧󠁢󠁥󠁮󠁧󠁿,The Guardian Transfers,Mohamed Salah,Liverpool,Trabzonspor,Non communiqué,RUMEUR 📰,Bullish,mohamedsalahtoearnupwardsof145mperseasonintwoyeartrabzonspor,Premier League 🏴󠁧󠁢󠁥󠁮󠁧󠁿,Égypte 🇪🇬,0.0
Football transfer rumours: Arsenal back for £60m Konsa? Asencio to Liverpool?,https://www.theguardian.com/football/2026/aug/06/football-transfer-rumours-arsenal-ezri-konsa-raul-asencio-liverpool,"Thu, 06 Aug 2026 08:26:43 GMT",2026-08-08T23:56:03.864845,en,"Today’s rumours are prising open their war chestAston Villa struggling to hold on to their World Cup stars has become something of a theme of this transfer window and off we go again with Arsenal stepping up their interest in Ezri Konsa. The Daily Mail reports that the Premier League champions, having had a bid for the England defender rebuffed last month, are coming back with a bigger offer for K",https://i.guim.co.uk/img/media/a594e7a0db017a8d5503d82d1352959c79918e77/3_117_1745_1396/master/1745.jpg?width=140&quality=85&auto=format&fit=max&s=4c39b430e4ad047a2b9fd498c6aab68e,Premier League 🏴󠁧󠁢󠁥󠁮󠁧󠁿,The Guardian Transfers,Joueur Star,Arsenal,Liverpool,Non communiqué,RUMEUR 📰,Neutre,footballtransferrumoursarsenalbackfor60mkonsaasenciotoliverp,Premier League 🏴󠁧󠁢󠁥󠁮󠁧󠁿,International 🌍,0.0
Football Daily | Mohamed Salah and a potted history of Liverpool legends visiting Trabzon,https://www.theguardian.com/football/2026/aug/05/mohamed-salah-potted-history-liverpool-legends-visiting-trabzon-football-daily,"Wed, 05 Aug 2026 15:34:31 GMT",2026-08-08T23:56:03.875027,en,"Sign up now! Sign up now! Sign up now? Sign up now!This October will mark the 50th anniversary of the first time Liverpool and Trabzonspor were thrown together by the gods of football. When they played each other in the second round of the European Cup in 1976 it’s fair to say not many associated with Liverpool were impressed with Trabzon. Bob Paisley described the team hotel as a “doss house”, th",https://i.guim.co.uk/img/media/d583855b5a689f1a50f0695c3ea82657bde24099/1042_0_2859_2287/master/2859.jpg?width=140&quality=85&auto=format&fit=max&s=0950491bcc1d9bb545b87f4e9af2eb23,Premier League 🏴󠁧󠁢󠁥󠁮󠁧󠁿,The Guardian Transfers,Mohamed Salah,Liverpool,Trabzonspor,Non communiqué,RUMEUR 📰,Bullish,footballdailymohamedsalahandapottedhistoryofliverpoollegends,Premier League 🏴󠁧󠁢󠁥󠁮󠁧󠁿,Égypte 🇪🇬,0.0
"Transfer roundup: Coventry to make Yirenkyi record signing, Palace swoop for Gozo",https://www.theguardian.com/football/2026/aug/05/crystal-palace-ready-to-swoop-for-us-star-zavier-gozo-and-stand-firm-on-wharton,"Wed, 05 Aug 2026 13:49:12 GMT",2026-08-08T23:56:03.876254,en,"Promoted side closing on £23m deal with NordsjællandPalace target USA’s Zavier Gozo, hold firm on WhartonCoventry are set to break their transfer record for the fourth time in this window after agreeing a £23m fee with Danish side Nordsjælland for the Ghana midfielder Caleb Yirenkyi.The deal for Yirenkyi, who impressed during the Black Stars’ World Cup campaign and scored the winning goal against ",https://i.guim.co.uk/img/media/dca6e5c9ccef4b633263f1ff82b82f4f25535918/655_0_5173_4138/master/5173.jpg?width=140&quality=85&auto=format&fit=max&s=3ca640c83638432df3915e8a8eea1926,Premier League 🏴󠁧󠁢󠁥󠁮󠁧󠁿,The Guardian Transfers,Joueur Star,,,Non communiqué,RUMEUR 📰,Bullish,transferroundupcoventrytomakeyirenkyirecordsigningpalaceswoo,Premier League 🏴󠁧󠁢󠁥󠁮󠁧󠁿,International 🌍,0.0
"‘Trabzon, are you ⁠ready?’: Mohamed Salah lands in Turkey to sign for Trabzonspor",https://www.theguardian.com/football/2026/aug/04/trabzonspor-transfer-mohamed-salah-turkish-super-lig,"Wed, 05 Aug 2026 10:48:47 GMT",2026-08-08T23:56:03.887167,en,"Salah greeted by hundreds of fans before free transferEgypt star left Liverpool this summer after nine yearsMohamed Salah arrived smiling at an Istanbul airport on Wednesday wearing Trabzonspor’s burgundy and blue kit ahead of ⁠his expected move to ⁠the Turkish Super Lig ​side, as hundreds of fans jostled for a glimpse of the Egyptian forward.Trabzonspor announced on Tuesday they were in negotiati",https://i.guim.co.uk/img/media/88be0e028ad896eec9372f534da710f2511057ed/267_0_5037_4030/master/5037.jpg?width=140&quality=85&auto=format&fit=max&s=269422d610620ed69927a24109a2401f,Premier League 🏴󠁧󠁢󠁥󠁮󠁧󠁿,The Guardian Transfers,Mohamed Salah,Liverpool,Trabzonspor,free transfer,RUMEUR 📰,Neutre,trabzonareyoureadymohamedsalahlandsinturkeytosignfortrabzons,Premier League 🏴󠁧󠁢󠁥󠁮󠁧󠁿,Égypte 🇪🇬,0.0
Arsenal agree £75m fee with Newcastle for Bruno Guimarães as clubs reach compromise,https://www.theguardian.com/football/2026/aug/05/arsenal-agree-75m-fee-with-newcastle-for-bruno-guimaraes-as-clubs-reach-compromise,"Wed, 05 Aug 2026 10:23:19 GMT",2026-08-08T23:56:03.888049,en,Magpies rejected opening offer of £70m on MondayNewcastle captain to travel from Spain training campBruno Guimarães is poised to leave Newcastle’s pre-season training camp in southern Spain and fly to London before a £75m move to Arsenal. The departing Newcastle captain is scheduled to undergo a medical in north London in the next couple of days after the two clubs finally compromised on the fee.W,https://i.guim.co.uk/img/media/79cb003171cc75502426404f0fd5c0be6433a260/117_129_2826_2261/master/2826.jpg?width=140&quality=85&auto=format&fit=max&s=7e188668020590423e011881cdd37b4c,Premier League 🏴󠁧󠁢󠁥󠁮󠁧󠁿,The Guardian Transfers,Bruno Guimarães,Newcastle,Arsenal,Non communiqué,RUMEUR 📰,Neutre,arsenalagree75mfeewithnewcastleforbrunoguimarãesasclubsreach,Premier League 🏴󠁧󠁢󠁥󠁮󠁧󠁿,Brésil 🇧🇷,0.0
Football transfer rumours: Folarin Balogun to Spurs? Pedro Neto to Manchester City?,https://www.theguardian.com/football/2026/aug/05/football-transfer-rumours-folarin-balogun-tottenham-hotspur-pedro-neto-manchester-city,"Wed, 05 Aug 2026 07:31:34 GMT",2026-08-08T23:56:03.902376,en,"Today’s fluff is riding a unicycleIt’s been a quiet summer thus far for Folarin Balogun, so why not stir up some controversy by signing for the arch rivals of your boyhood club? The Monaco striker, who started his career at Arsenal, is being linked with a move to Tottenham, who need a goalscorer to ensure they do not finish 17th again. The American’s agents have offered him to Roberto De Zerbi’s s",https://i.guim.co.uk/img/media/0dbc0c0a28b2545682b304d3c5f8c2c020c8356e/379_0_3776_3023/master/3776.jpg?width=140&quality=85&auto=format&fit=max&s=33193a0774a35d10d2e6acdd90f4318d,Premier League 🏴󠁧󠁢󠁥󠁮󠁧󠁿,The Guardian Transfers,Folarin Balogun,AS Monaco,Manchester City,Non communiqué,RUMEUR 📰,Neutre,footballtransferrumoursfolarinbaloguntospurspedronetotomanch,Premier League 🏴󠁧󠁢󠁥󠁮󠁧󠁿,USA 🇺🇸,0.0
Barcelona sign Brazil forward Kerolin from Manchester City for club-record £1.25m,https://www.theguardian.com/football/2026/aug/04/barcelona-sign-brazil-forward-kerolin-manchester-city-womens-super-league,"Tue, 04 Aug 2026 18:57:15 GMT",2026-08-08T23:56:03.909695,en,"Transfer fee largest sum received for a sale by WSL sideSigning eclipses Olivia Smith’s £1m move to ArsenalBarcelona have signed the Brazil forward Kerolin from Manchester City for an undisclosed fee that sources say is in the region of £1.25m, which would represent the largest sum received for a sale by a Women’s Super League side.The deal is also a club-record for Barcelona, and in terms of a fe",https://i.guim.co.uk/img/media/f98c8932a50a8b3846f5c241e3e1a5bcb10a2d78/260_0_4802_3843/master/4802.jpg?width=140&quality=85&auto=format&fit=max&s=0f4729e6bc4a2708c176a196d858bb24,Premier League 🏴󠁧󠁢󠁥󠁮󠁧󠁿,The Guardian Transfers,Joueur Star,FC Barcelone,Manchester City,Non communiqué,RUMEUR 📰,Bullish,barcelonasignbrazilforwardkerolinfrommanchestercityforclubre,Premier League 🏴󠁧󠁢󠁥󠁮󠁧󠁿,International 🌍,0.0
"Football Daily | Chelsea, Jordan Henderson and a transfer pivot for the ages",https://www.theguardian.com/football/2026/aug/04/chelsea-jordan-henderson-transfer-pivot-for-the-ages-football-daily,"Tue, 04 Aug 2026 15:28:29 GMT",2026-08-08T23:56:03.911018,en,"Sign up now! Sign up now! Sign up now? Sign up now!Who’s next? Can they convince Craig Gordon to reverse his recent retirement? Invite Bolo Zenden back for a second spell at Stamford Bridge? Get Kieran Richardson to replace Marc Cucurella? Chelsea really have cooked up a fascinating transfer policy: to recreate the Sunderland XI that triumphed 3-0 at the Bridge in November 2010. Danny Welbeck, 19 ",https://i.guim.co.uk/img/media/c598779bde9579bf2d980b7aec224cf33cf2462c/195_0_1070_856/master/1070.jpg?width=140&quality=85&auto=format&fit=max&s=2bbaf407ba8f9f3d6c7f669906f8b17d,Premier League 🏴󠁧󠁢󠁥󠁮󠁧󠁿,The Guardian Transfers,Anthony Gordon,Newcastle,Chelsea,Non communiqué,RUMEUR 📰,Neutre,footballdailychelseajordanhendersonandatransferpivotfortheag,Premier League 🏴󠁧󠁢󠁥󠁮󠁧󠁿,Angleterre 🏴󠁧󠁢󠁥󠁮󠁧󠁿,0.0
Frank Lampard hails ‘huge’ signing as Coventry seal record £22.5m Rushworth deal,https://www.theguardian.com/football/2026/aug/04/frank-lampard-coventry-brighton-carl-rushworth-transfer-roundup,"Tue, 04 Aug 2026 12:06:44 GMT",2026-08-08T23:56:03.916490,en,"The 25-year-old excelled during promotion campaignBrighton goalkeeper completes permanent switchCoventry have completed the club-record £22.5m signing of goalkeeper Carl Rushworth from Brighton as Frank Lampard’s side continue to prepare for their return to the Premier League after 25 years away.The 25-year-old excelled on loan at Coventry in the Championship last season, playing an instrumental r",https://i.guim.co.uk/img/media/4970d19603374d0d009357ccf708498ca607b056/482_145_2020_1616/master/2020.jpg?width=140&quality=85&auto=format&fit=max&s=7efdb079a5f0d10f42bd4e8b5093734b,Premier League 🏴󠁧󠁢󠁥󠁮󠁧󠁿,The Guardian Transfers,Frank Lampard,,Brighton,loan,RUMEUR 📰,Bullish,franklampardhailshugesigningascoventrysealrecord225mrushwort,Premier League 🏴󠁧󠁢󠁥󠁮󠁧󠁿,International 🌍,0.0
Liverpool ready to sanction €70 million exit as Real Madrid circle key star,https://www.caughtoffside.com/2026/08/08/liverpool-ready-to-sanction-e70-million-exit-as-real-madrid-circle-key-star/,"Sat, 08 Aug 2026 21:30:00 +0000",2026-08-08T23:56:12.826533,en,"Liverpool midfielder Alexis Mac Allister has been linked with a move away from the club this summer. According to reports from Spain, Real Madrid are monitoring his situation, and they could look to make a move for him. The 27-year-old has been outstanding for Liverpool since joining the club from Brighton, and he has helped […] The post Liverpool ready to sanction €70 million exit as Real Madrid ",https://icdn.caughtoffside.com/wp-content/uploads/2026/07/COS-FeaturedHero-Image-Templates-62-2.jpg,Premier League 🏴󠁧󠁢󠁥󠁮󠁧󠁿,Fabrizio Romano (CaughtOffside),Joueur Star,Liverpool,Real Madrid,70 million,RUMEUR 📰,Bullish,liverpoolreadytosanction70millionexitasrealmadridcirclekeyst,Premier League 🏴󠁧󠁢󠁥󠁮󠁧󠁿,International 🌍,70.0
Romano confirms surprise Arsenal enquiry for 28-year-old ahead of “complicated” move,https://www.caughtoffside.com/2026/08/08/romano-confirms-arsenal-surprise-enquiry-ahead-of-complicated-move-for-28-year-old/,"Sat, 08 Aug 2026 21:00:30 +0000",2026-08-08T23:56:12.827197,en,"Cristian Romero is all set to leave Tottenham Hotspur this summer, and he has been linked with a surprise move to Arsenal. According to Fabrizio Romano, Arsenal have made enquiries for the 28-year-old defender, but Tottenham do not want to sell the player to a direct rival. Atletico Madrid are interested in the player as […] The post Romano confirms surprise Arsenal enquiry for 28-year-old ahead o",https://icdn.caughtoffside.com/wp-content/uploads/2026/04/COS-FeaturedHero-Image-Templates-71-2.jpg,Premier League 🏴󠁧󠁢󠁥󠁮󠁧󠁿,Fabrizio Romano (CaughtOffside),Joueur Star,Tottenham,Arsenal,Non communiqué,RUMEUR 📰,Bullish,romanoconfirmssurprisearsenalenquiryfor28yearoldaheadofcompl,Premier League 🏴󠁧󠁢󠁥󠁮󠁧󠁿,International 🌍,0.0
Liverpool move into pole position for 18-year-old wonderkid as transfer race heats up,https://www.caughtoffside.com/2026/08/08/liverpool-move-into-pole-position-for-18-year-old-wonderkid-as-transfer-race-heats-up/,"Sat, 08 Aug 2026 20:30:25 +0000",2026-08-08T23:56:12.828750,en,"Ibrahim Mbaye has been linked with a move away from PSG this summer, and Liverpool are keen on signing him. According to Football Insider, they are now in pole position to sign the player. Multiple clubs are keen on the young winger, but Liverpool are leading the race to sign Mbaye. Pete O’Rourke told Football […] The post Liverpool move into pole position for 18-year-old wonderkid as transfer rac",https://icdn.caughtoffside.com/wp-content/uploads/2026/01/COS-FeaturedHero-Image-Templates-12-2.jpg,Premier League 🏴󠁧󠁢󠁥󠁮󠁧󠁿,Fabrizio Romano (CaughtOffside),Joueur Star,Liverpool,PSG,Non communiqué,RUMEUR 📰,Bullish,liverpoolmoveintopolepositionfor18yearoldwonderkidastransfer,Premier League 🏴󠁧󠁢󠁥󠁮󠁧󠁿,International 🌍,0.0
Tottenham advance talks for £60 million “top target” as transfer nears,https://www.caughtoffside.com/2026/08/08/tottenham-advance-talks-for-60-million-top-target-as-transfer-nears/,"Sat, 08 Aug 2026 19:40:47 +0000",2026-08-08T23:56:12.830277,en,"Tottenham Hotspur are interested in signing the Manchester City attacker Savinho this summer. According to a report from Football Insider, Tottenham have been tracking him for 12 months, and they are advancing in talks with the player. The Brazilian has struggled for regular opportunities at Manchester City, and he needs to leave the club in […] The post Tottenham advance talks for £60 million “to",https://icdn.caughtoffside.com/wp-content/uploads/2026/03/COS-FeaturedHero-Image-Templates-2-2.jpg,Premier League 🏴󠁧󠁢󠁥󠁮󠁧󠁿,Fabrizio Romano (CaughtOffside),Joueur Star,Tottenham,Manchester City,60 million,NEGOCIATION 💬,Bullish,tottenhamadvancetalksfor60milliontoptargetastransfernears,Premier League 🏴󠁧󠁢󠁥󠁮󠁧󠁿,International 🌍,60.0
Manchester United monitoring 22-year-old Serie A star as transfer plans take shape,https://www.caughtoffside.com/2026/08/08/manchester-united-monitoring-22-year-old-serie-a-star-as-transfer-plans-take-shape/,"Sat, 08 Aug 2026 19:00:15 +0000",2026-08-08T23:56:12.832993,en,"Manchester United are looking to add more quality to the defensive unit, and they have identified Giorgio Scalvini as a potential target. The 22-year-old is highly rated in Italy, and it remains to be seen whether Atalanta is prepared to sanction his departure. According to reports, Manchester United are keeping tabs on Antonee Robinson as […] The post Manchester United monitoring 22-year-old Seri",https://icdn.caughtoffside.com/wp-content/uploads/2026/05/COS-FeaturedHero-Image-Templates-21.jpg,Premier League 🏴󠁧󠁢󠁥󠁮󠁧󠁿,Fabrizio Romano (CaughtOffside),Antonee Robinson,Manchester United,Atalanta,Non communiqué,RUMEUR 📰,Bullish,manchesterunitedmonitoring22yearoldserieastarastransferplans,Premier League 🏴󠁧󠁢󠁥󠁮󠁧󠁿,USA 🇺🇸,0.0
Liverpool face Mourinho obstacle in bid to sign “top drawer” defender,https://www.caughtoffside.com/2026/08/08/liverpool-face-mourinho-obstacle-in-bid-to-sign-top-drawer-defender/,"Sat, 08 Aug 2026 18:30:58 +0000",2026-08-08T23:56:12.834683,en,"Trent Alexander-Arnold has had a difficult time at Real Madrid since joining the club. The 27-year-old defender played just over 1100 minutes in the league last season, and he has been linked with a return to the Premier League. talkSPORT pundit Andy Townsend has urged Liverpool to bring him back to the club. Townsend said […] The post Liverpool face Mourinho obstacle in bid to sign “top drawer” d",https://icdn.caughtoffside.com/wp-content/uploads/2025/09/fenerbahce-v-feyenoord-uefa-champions-league-third-qualifying-round-second-leg-min.jpg,Premier League 🏴󠁧󠁢󠁥󠁮󠁧󠁿,Fabrizio Romano (CaughtOffside),José Mourinho,Liverpool,Real Madrid,Non communiqué,NEGOCIATION 💬,Bullish,liverpoolfacemourinhoobstacleinbidtosigntopdrawerdefender,Premier League 🏴󠁧󠁢󠁥󠁮󠁧󠁿,Portugal 🇵🇹,0.0
Arsenal receive huge encouragement in pursuit of 28-year-old World Cup winner,https://www.caughtoffside.com/2026/08/08/arsenal-receive-huge-encouragement-in-pursuit-of-28-year-old-world-cup-winner/,"Sat, 08 Aug 2026 17:30:36 +0000",2026-08-08T23:56:12.835685,en,"Cristian Romero has been heavily linked with a move away from Tottenham Hotspur this summer. The 28-year-old is looking to join a bigger club where he can fight for major trophies. Arsenal have been mentioned as a potential destination, and Tottenham insider Paul O Keefe has now confirmed that the Tottenham defender is indeed very […] The post Arsenal receive huge encouragement in pursuit of 28-ye",https://icdn.caughtoffside.com/wp-content/uploads/2026/04/COS-FeaturedHero-Image-Templates-85.jpg,Premier League 🏴󠁧󠁢󠁥󠁮󠁧󠁿,Fabrizio Romano (CaughtOffside),World Cup,Arsenal,Tottenham,Non communiqué,RUMEUR 📰,Bullish,arsenalreceivehugeencouragementinpursuitof28yearoldworldcupw,Premier League 🏴󠁧󠁢󠁥󠁮󠁧󠁿,International 🌍,0.0
Arsenal and Tottenham among clubs in talks to sign 12-G/A attacking sensation,https://www.caughtoffside.com/2026/08/08/arsenal-and-tottenham-among-clubs-in-talks-to-sign-12-g-a-attacking-sensation/,"Sat, 08 Aug 2026 17:00:20 +0000",2026-08-08T23:56:12.836791,en,"Endrick has been linked with a move away from Real Madrid during the summer transfer window. The 20-year-old Brazilian was on loan at Lyon last season, and he impressed in France. Endrick had five goals and seven assists in 16 Ligue 1 matches. He will be hoping to play regularly this season, and Real Madrid […] The post Arsenal and Tottenham among clubs in talks to sign 12-G/A attacking sensation ",https://icdn.caughtoffside.com/wp-content/uploads/2025/02/Tottenham-and-Arsenal-club-logos.jpg,Premier League 🏴󠁧󠁢󠁥󠁮󠁧󠁿,Fabrizio Romano (CaughtOffside),Endrick,Arsenal,Tottenham,loan,NEGOCIATION 💬,Neutre,arsenalandtottenhamamongclubsintalkstosign12gaattackingsensa,Premier League 🏴󠁧󠁢󠁥󠁮󠁧󠁿,Brésil 🇧🇷,0.0
Liverpool and Man United on alert after rival club makes opening offer for €50m target,https://www.caughtoffside.com/2026/08/08/liverpool-and-man-united-on-alert-after-rival-club-makes-opening-offer-for-e50m-target/,"Sat, 08 Aug 2026 16:30:49 +0000",2026-08-08T23:56:12.837900,en,"Monaco midfielder Lamine Camara has been linked with a move away from the French club this summer. According to a report from FootMercato, Liverpool and Manchester United are keeping tabs on the 22-year-old midfielder, and they will face competition from Crystal Palace. The Eagles have reportedly submitted an offer to sign the player. It remains […] The post Liverpool and Man United on alert after",https://icdn.caughtoffside.com/wp-content/uploads/2026/03/COS-FeaturedHero-Image-Templates-4-5.jpg,Premier League 🏴󠁧󠁢󠁥󠁮󠁧󠁿,Fabrizio Romano (CaughtOffside),Man United,AS Monaco,Liverpool,Non communiqué,RUMEUR 📰,Bullish,liverpoolandmanunitedonalertafterrivalclubmakesopeningofferf,Premier League 🏴󠁧󠁢󠁥󠁮󠁧󠁿,International 🌍,0.0
Arsenal will have to pay more than €100m for the “major attacking signing” that Mikel Arteta wants,https://www.caughtoffside.com/2026/08/08/arsenal-told-to-pay-more-than-e100m-major-attacking/,"Sat, 08 Aug 2026 15:45:27 +0000",2026-08-08T23:56:12.839222,en,"Arsenal have turned their attentions to Kenan Yildiz after they failed to land Vinicius Jr as a left wing option. If you enjoy CaughtOffside coverage and want to see more of it, add us as a preferred source on Google to make us a favourite and see more of our content. Arsenal today completed the […] The post Arsenal will have to pay more than €100m for the “major attacking signing” that Mikel Arte",https://icdn.caughtoffside.com/wp-content/uploads/2026/01/Kenan-Yildiz-in-action-for-Juventus.jpg,Premier League 🏴󠁧󠁢󠁥󠁮󠁧󠁿,Fabrizio Romano (CaughtOffside),Kenan Yıldız,Juventus,Arsenal,Non communiqué,RUMEUR 📰,Neutre,arsenalwillhavetopaymorethan100mforthemajorattackingsigningt,Premier League 🏴󠁧󠁢󠁥󠁮󠁧󠁿,Turquie 🇹🇷,0.0
Famous OGC Nice eagle mascot and trainer blasted by sprinkler,https://www.90min.com/famous-ogc-nice-eagle-mascot-trainer-blasted-by-sprinkler?utm_source=RSS,"Mon, 29 Sep 2025 08:55:00 +0000",2026-08-08T23:56:13.404784,en,OGC Nice mascot eagle Mefi and her trainer were hilariously drenched by a rogue sprinkler during a pre-match show before facing Roma.,"https://images2.minutemediacdn.com/image/upload/c_crop,w_6000,h_3375,x_0,y_0/c_fill,w_2880,ar_16:9,f_auto,q_auto,g_auto/images/GettyImages/mmsport/90min_en_international_web/01k60bbw4kyg9nn0jn8h.jpg",Ligue 1 🇫🇷,90min Transfers,Joueur Star,OGC Nice,AS Roma,Non communiqué,RUMEUR 📰,Neutre,famousogcniceeaglemascotandtrainerblastedbysprinkler,Ligue 1 🇫🇷,International 🌍,0.0
Corinthians debut electric Nike Total 90 third kit against Flamengo,https://www.90min.com/corinthians-debut-electric-nike-total-90-third-kit-flamengo?utm_source=RSS,"Mon, 29 Sep 2025 08:50:00 +0000",2026-08-08T23:56:13.405033,en,Corinthians and Nike launch a bold Total 90 third kit with black and orange detailing for the 2025/26 season.,"https://images2.minutemediacdn.com/image/upload/c_crop,w_1047,h_588,x_33,y_52/c_fill,w_2880,ar_16:9,f_auto,q_auto,g_auto/images/voltaxMediaLibrary/mmsport/90min_en_international_web/01k60pe8c5kaq0tcef0p.jpg",Ligue 1 🇫🇷,90min Transfers,Nike Total,,Flamengo,Non communiqué,RUMEUR 📰,Neutre,corinthiansdebutelectricniketotal90thirdkitagainstflamengo,Ligue 1 🇫🇷,International 🌍,0.0
Bayern Munich 2026 retro kit leaks - and it’s another classy adidas stunner,https://www.90min.com/bayern-munich-2026-retro-kit-leaks-classy-adidas-stunner?utm_source=RSS,"Wed, 24 Sep 2025 23:00:00 +0000",2026-08-08T23:56:13.405502,en,"Bayern Munich’s leaked retro shirt channels their crest and iconic stadium, adding to an already packed 2025/26 kit line-up.","https://images2.minutemediacdn.com/image/upload/c_crop,w_1413,h_794,x_120,y_61/c_fill,w_2880,ar_16:9,f_auto,q_auto,g_auto/images/voltaxMediaLibrary/mmsport/90min_en_international_web/01k5s089ngxkhc3jnmq6.jpg",Bundesliga 🇩🇪,90min Transfers,Joueur Star,,Bayern Munich,Non communiqué,RUMEUR 📰,Neutre,bayernmunich2026retrokitleaksanditsanotherclassyadidasstunne,Bundesliga 🇩🇪,International 🌍,0.0
Pep Guardiola plants kiss on cheek of fourth official after telling off,https://www.90min.com/pep-guardiola-plants-kiss-on-cheek-fourth-official?utm_source=RSS,"Tue, 23 Sep 2025 11:55:00 +0000",2026-08-08T23:56:13.408678,en,Pep Guardiola’s day ended badly but he enjoyed a tender moment with fourth official Craig Pawson.,"https://images2.minutemediacdn.com/image/upload/c_crop,w_1919,h_1079,x_0,y_0/c_fill,w_2880,ar_16:9,f_auto,q_auto,g_auto/images/voltaxMediaLibrary/mmsport/90min_en_international_web/01k5rmtjfm3yfgn7s13s.jpg",Ligue 1 🇫🇷,90min Transfers,Pep Guardiola,Manchester City,,Non communiqué,OFFICIEL ✅,Neutre,pepguardiolaplantskissoncheekoffourthofficialaftertellingoff,Ligue 1 🇫🇷,Espagne 🇪🇸,0.0
Wayne Rooney reveals surprise secret behind Man Utd success,https://www.90min.com/wayne-rooney-reveals-surprise-secret-behind-man-utd-success?utm_source=RSS,"Tue, 23 Sep 2025 11:40:00 +0000",2026-08-08T23:56:13.408888,en,Wayne Rooney reveals Manchester United’s secret weapon during their golden era – and it wasn’t tactics or training.,"https://images2.minutemediacdn.com/image/upload/c_crop,w_2391,h_1344,x_353,y_82/c_fill,w_2880,ar_16:9,f_auto,q_auto,g_auto/images/GettyImages/mmsport/90min_en_international_web/01k5rgzbtjscepvhv5vb.jpg",Premier League 🏴󠁧󠁢󠁥󠁮󠁧󠁿,90min Transfers,Wayne Rooney,,Manchester United,Non communiqué,RUMEUR 📰,Neutre,waynerooneyrevealssurprisesecretbehindmanutdsuccess,Premier League 🏴󠁧󠁢󠁥󠁮󠁧󠁿,International 🌍,0.0
Topps launch new Premier League 2025/26 Hobby Box,https://www.90min.com/topps-launch-new-premier-league-2025-26-hobby-box?utm_source=RSS,"Sat, 20 Sep 2025 23:30:00 +0000",2026-08-08T23:56:13.409098,en,"Topps release the Premier League 2025/26 Hobby Box with guaranteed autograph and relic cards, exclusive Black Edge inserts and Diamond Rookies.","https://images2.minutemediacdn.com/image/upload/c_crop,w_1919,h_1079,x_0,y_0/c_fill,w_2880,ar_16:9,f_auto,q_auto,g_auto/images/voltaxMediaLibrary/mmsport/90min_en_international_web/01k5ebxryxvew12gn7gg.jpg",Premier League 🏴󠁧󠁢󠁥󠁮󠁧󠁿,90min Transfers,Premier League,,,Non communiqué,RUMEUR 📰,Bullish,toppslaunchnewpremierleague202526hobbybox,Premier League 🏴󠁧󠁢󠁥󠁮󠁧󠁿,International 🌍,0.0
"Paul Pogba, Paulo Dybaba feature in Kith x adidas 2025 Fall collection",https://www.90min.com/paul-pogba-paulo-dybaba-kith-x-adidas-2025-fall-collection?utm_source=RSS,"Sat, 20 Sep 2025 23:00:00 +0000",2026-08-08T23:56:13.409315,en,"Kith and adidas Football drop their 2025 Fall collection, featuring jerseys, denim, footwear, and accessories blending football heritage with streetwear.","https://images2.minutemediacdn.com/image/upload/c_crop,w_1080,h_607,x_0,y_427/c_fill,w_2880,ar_16:9,f_auto,q_auto,g_auto/images/voltaxMediaLibrary/mmsport/90min_en_international_web/01k5egz2td3fzbm2d3qc.jpg",Ligue 1 🇫🇷,90min Transfers,Paul Pogba,,,Non communiqué,RUMEUR 📰,Neutre,paulpogbapaulodybabafeatureinkithxadidas2025fallcollection,Ligue 1 🇫🇷,International 🌍,0.0
Phil Jones hints at future plans after PFA Business School graduation,https://www.90min.com/phil-jones-future-plans-pfa-business-school-graduation?utm_source=RSS,"Fri, 19 Sep 2025 23:05:00 +0000",2026-08-08T23:56:13.409537,en,"Former Manchester United defender Phil Jones graduates from the PFA Business School alongside Tim Krul, Danny Simpson and Ilkay Gündogan among others.","https://images2.minutemediacdn.com/image/upload/c_crop,w_1080,h_607,x_0,y_0/c_fill,w_2880,ar_16:9,f_auto,q_auto,g_auto/images/voltaxMediaLibrary/mmsport/90min_en_international_web/01k5e8yx24yqsg6wmrcs.jpg",Premier League 🏴󠁧󠁢󠁥󠁮󠁧󠁿,90min Transfers,Phil Jones,,Manchester United,Non communiqué,RUMEUR 📰,Neutre,philjoneshintsatfutureplansafterpfabusinessschoolgraduation,Premier League 🏴󠁧󠁢󠁥󠁮󠁧󠁿,International 🌍,0.0
Borussia Dortmund to 'address' away kit controversy after fan revolt,https://www.90min.com/borussia-dortmund-address-away-kit-controversy-fan-revolt?utm_source=RSS,"Fri, 19 Sep 2025 13:55:00 +0000",2026-08-08T23:56:13.414762,en,Borussia Dortmund promise to address criticism after their new away kit debuted in a win over Heidenheim.,"https://images2.minutemediacdn.com/image/upload/c_crop,w_4093,h_2302,x_0,y_151/c_fill,w_2880,ar_16:9,f_auto,q_auto,g_auto/images/GettyImages/mmsport/90min_en_international_web/01k5er0w8b9hhj1p6ksv.jpg",Ligue 1 🇫🇷,90min Transfers,Joueur Star,,Borussia Dortmund,Non communiqué,RUMEUR 📰,Neutre,borussiadortmundtoaddressawaykitcontroversyafterfanrevolt,Ligue 1 🇫🇷,International 🌍,0.0
Ed Sheeran revealed as Barcelona’s shirt sponsor for El Clasico,https://www.90min.com/ed-sheeran-barcelona-shirt-sponsor-el-clasico?utm_source=RSS,"Fri, 19 Sep 2025 13:50:00 +0000",2026-08-08T23:56:13.414945,en,Barcelona will wear Ed Sheeran-themed shirts for El Clasico against Real Madrid on October 26 as part of their Spotify partnership.,"https://images2.minutemediacdn.com/image/upload/c_crop,w_1919,h_1079,x_0,y_0/c_fill,w_2880,ar_16:9,f_auto,q_auto,g_auto/images/voltaxMediaLibrary/mmsport/90min_en_international_web/01k5e15srybrvey8hxq9.jpg",La Liga 🇪🇸,90min Transfers,Ed Sheeran,FC Barcelone,Real Madrid,Non communiqué,RUMEUR 📰,Neutre,edsheeranrevealedasbarcelonasshirtsponsorforelclasico,La Liga 🇪🇸,International 🌍,0.0
Liverpool legends take on shot power challenge - and find out who strikes hardest,https://www.90min.com/liverpool-legends-shot-power-challenge-who-strikes-hardest?utm_source=RSS,"Thu, 18 Sep 2025 02:00:00 +0000",2026-08-08T23:56:13.415360,en,Liverpool legends Steven Gerrard and John Arne Riise finally put their famous shots to the test in Seoul.,"https://images2.minutemediacdn.com/image/upload/c_crop,w_2092,h_1176,x_0,y_182/c_fill,w_2880,ar_16:9,f_auto,q_auto,g_auto/images/GettyImages/mmsport/90min_en_international_web/01k56yjj7s05ybv6ec0k.jpg",Premier League 🏴󠁧󠁢󠁥󠁮󠁧󠁿,90min Transfers,Joueur Star,,Liverpool,Non communiqué,RUMEUR 📰,Bullish,liverpoollegendstakeonshotpowerchallengeandfindoutwhostrikes,Premier League 🏴󠁧󠁢󠁥󠁮󠁧󠁿,International 🌍,0.0
adidas drop new Lamine Yamal signature F50 boots in vibrant pink,https://www.90min.com/adidas-new-lamine-yamal-signature-f50-boots-vibrant-pink?utm_source=RSS,"Thu, 18 Sep 2025 00:00:00 +0000",2026-08-08T23:56:13.415621,en,"adidas launch new Lamine Yamal signature F50 boots in vibrant pink and purple with neon details, debuting his personal logo inspired by Rocafonda’s Zone 304.","https://images2.minutemediacdn.com/image/upload/c_crop,w_1080,h_607,x_0,y_340/c_fill,w_2880,ar_16:9,f_auto,q_auto,g_auto/images/voltaxMediaLibrary/mmsport/90min_en_international_web/01k56wv7enzemt52dhwy.jpg",Champions League 🇪🇺,90min Transfers,Lamine Yamal,FC Barcelone,,Non communiqué,RUMEUR 📰,Neutre,adidasdropnewlamineyamalsignaturef50bootsinvibrantpink,Champions League 🇪🇺,Espagne 🇪🇸,0.0
Bayern Munich unveil stunning 2025 Oktoberfest kit,https://www.90min.com/bayern-munich-unveil-stunning-2025-oktoberfest-kit?utm_source=RSS,"Wed, 17 Sep 2025 00:00:00 +0000",2026-08-08T23:56:13.415891,en,"Bayern Munich unveil their 2025 Oktoberfest kit, featuring Tracht-inspired beige and green design, Lederhosen textures, and limited collector’s edition boxes.","https://images2.minutemediacdn.com/image/upload/c_crop,w_1080,h_607,x_0,y_297/c_fill,w_2880,ar_16:9,f_auto,q_auto,g_auto/images/voltaxMediaLibrary/mmsport/90min_en_international_web/01k56mqfc6mbketjcn3z.jpg",Ligue 1 🇫🇷,90min Transfers,Joueur Star,,Bayern Munich,Non communiqué,RUMEUR 📰,Neutre,bayernmunichunveilstunning2025oktoberfestkit,Ligue 1 🇫🇷,International 🌍,0.0
Borussia Dortmund debut striking neon 2025/26 away kit,https://www.90min.com/borussia-dortmund-debut-striking-neon-2025-26-away-kit?utm_source=RSS,"Tue, 16 Sep 2025 15:10:38 +0000",2026-08-08T23:56:13.416356,en,"Borussia Dortmund unveiled and debuted their 2025/26 away kit with PUMA, featuring a bold mix of white, black and neon yellow.","https://images2.minutemediacdn.com/image/upload/c_crop,w_2745,h_1544,x_324,y_138/c_fill,w_2880,ar_16:9,f_auto,q_auto,g_auto/images/GettyImages/mmsport/90min_en_international_web/01k56j7gy614kmyktgyk.jpg",Ligue 1 🇫🇷,90min Transfers,Joueur Star,,Borussia Dortmund,Non communiqué,RUMEUR 📰,Neutre,borussiadortmunddebutstrikingneon202526awaykit,Ligue 1 🇫🇷,International 🌍,0.0
Arsenal defender Riccardo Calafiori reveals unlikely footballing idol,https://www.90min.com/arsenal-defender-riccardo-calafiori-reveals-unlikely-footballing-idol?utm_source=RSS,"Tue, 16 Sep 2025 15:05:00 +0000",2026-08-08T23:56:13.416778,en,Arsenal defender Riccardo Calafiori reveals his surprising footballing idol – former Manchester City star Aleksandar Kolarov.,"https://images2.minutemediacdn.com/image/upload/c_crop,w_2146,h_1207,x_124,y_380/c_fill,w_2880,ar_16:9,f_auto,q_auto,g_auto/images/GettyImages/mmsport/90min_en_international_web/01k56bhmmd4dnnj84xjs.jpg",Premier League 🏴󠁧󠁢󠁥󠁮󠁧󠁿,90min Transfers,Riccardo Calafiori,Arsenal,Manchester City,Non communiqué,RUMEUR 📰,Neutre,arsenaldefenderriccardocalafiorirevealsunlikelyfootballingid,Premier League 🏴󠁧󠁢󠁥󠁮󠁧󠁿,International 🌍,0.0
adidas launch new signature Lionel Messi boots: F50 ‘Vis10n’,https://www.90min.com/adidas-launch-new-signature-lionel-messi-boots-f50-vis10n?utm_source=RSS,"Sun, 14 Sep 2025 00:00:00 +0000",2026-08-08T23:56:13.417006,en,adidas have dropped the new Lionel Messi signature boots – the F50 ‘Vis10n’ – celebrating the Argentine icon’s unmatched awareness and agility.,"https://images2.minutemediacdn.com/image/upload/c_crop,w_1080,h_607,x_0,y_500/c_fill,w_2880,ar_16:9,f_auto,q_auto,g_auto/images/voltaxMediaLibrary/mmsport/90min_en_international_web/01k4wnj0wz313z15wpnx.jpg",Champions League 🇪🇺,90min Transfers,Lionel Messi,Inter Miami,,Non communiqué,RUMEUR 📰,Neutre,adidaslaunchnewsignaturelionelmessibootsf50vis10n,Champions League 🇪🇺,Argentine 🇦🇷,0.0
CAN féminine 2026 : le Maroc rejoint le dernier carré,https://www.afrik-foot.com/en-direct-maroc-afrique-du-sud-can-feminine-2026,"Sat, 08 Aug 2026 21:30:03 +0200",2026-08-08T23:56:21.451271,fr,"Pays hôte et double vice-champion en titre, le Maroc a dominé l’Afrique du Sud ce samedi soir pour accéder aux demi-finales de la CAN féminine 2026. Suivez ce match en direct et commenté sur Afrik-Foot. Un an après leur dernier face-à-face avec les Banyana Banyana, les Marocaines ont pris leur revanche sur l’Afrique du Sud […]",https://www.afrik-foot.com/thumbor/qGTDoH30Oi6RZ69WeZj6JMP8RYc=/5000x3333/smart/filters:format(webp)/https%3A%2F%2Fmedia.afrik-foot.com%2Fmain%2F2026%2F08%2FICONSPORT_162141_0011.jpg,Ligue 1 🇫🇷,AfrikFoot Mercato,Joueur Star,,,Non communiqué,RUMEUR 📰,Neutre,canféminine2026lemarocrejointlederniercarré,Ligue 1 🇫🇷,International 🌍,0.0
CAN féminine 2026 : l’Algérie renverse la Côte d’Ivoire et accède aux demi-finales pour la première fois,https://www.afrik-foot.com/en-direct-cote-divoire-algerie-can-feminine-2026,"Sat, 08 Aug 2026 18:30:04 +0200",2026-08-08T23:56:21.451816,fr,"Côte d’Ivoire-Algérie, c’est le premier quart de finale de la CAN féminine 2026. Suivez ce match en direct et commenté sur Afrik-Foot. La Côte d’Ivoire et l’Algérie ouvrent le bal des quarts de finale de la CAN féminine 2026. Ce samedi à 19h françaises (18h en Algérie, 17h en Côte d’Ivoire), les Éléphantes affrontent les […]",https://www.afrik-foot.com/thumbor/9pctAeCpdOyZF-NN6vi-BsDUQ4U=/1200x800/smart/filters:format(webp)/https%3A%2F%2Fmedia.afrik-foot.com%2Fmain%2F2026%2F08%2FCote-Ivoire-Algerie-CAN-feminine.jpg,Ligue 1 🇫🇷,AfrikFoot Mercato,Joueur Star,,,Non communiqué,RUMEUR 📰,Neutre,canféminine2026lalgérierenverselacôtedivoireetaccèdeauxdemif,Ligue 1 🇫🇷,International 🌍,0.0
"“Ce que Figo a dit, c’est minable, l’UEFA est hypocrite”, Houssine Kharja vole au secours d’Infantino",https://www.afrik-foot.com/ce-que-figo-a-dit-cest-minable-luefa-est-hypocrite-houssine-kharja-vole-au-secours-dinfantino,"Sat, 08 Aug 2026 17:37:52 +0200",2026-08-08T23:56:21.451986,fr,"L’ancien international marocain Houssine Kharja a pris la défense de Gianni Infantino, dans la tourmente à cause du projet FIFA Forward Enterprise. À l’initiative du projet mort-né de privatisation des parts de la Coupe du monde, FIFA Forward Enterprise, Gianni Infantino, le président de la FIFA, est dans la tourmente. Le patron du football mondial […]",https://www.afrik-foot.com/thumbor/zPLBwyMdpsOwLqduhD3Z9rP_4M8=/1200x800/smart/filters:format(webp)/https%3A%2F%2Fmedia.afrik-foot.com%2Fmain%2F2026%2F08%2FHoussine-Kharja.jpg,Ligue 1 🇫🇷,AfrikFoot Mercato,Houssine Kharja,,,Non communiqué,RUMEUR 📰,Neutre,cequefigoaditcestminableluefaesthypocritehoussinekharjavolea,Ligue 1 🇫🇷,International 🌍,0.0
"Les CAN U17 U20, U23 attribuées : la CAF confie une nouvelle édition au Maroc",https://www.afrik-foot.com/can-u17-u20-u23-la-caf-confie-une-nouvelle-edition-au-maroc,"Sat, 08 Aug 2026 10:57:00 +0200",2026-08-08T23:56:21.467325,fr,"Le Maroc n’en a visiblement pas fini avec l’organisation des compétitions africaines. Réunie jeudi en Comité exécutif, la CAF a attribué au Royaume la CAN U17 2027, confirmant une nouvelle fois la place centrale prise par le pays dans l’accueil des grands rendez-vous continentaux. La Confédération africaine de football (CAF) a réparti plusieurs compétitions de […]",https://www.afrik-foot.com/thumbor/b7rieV2z29bjHo4a7HR5xJpB8Cc=/1200x800/smart/filters:format(webp)/https%3A%2F%2Fmedia.afrik-foot.com%2Fmain%2F2026%2F01%2FStade-Prince-Moulay-Abdellah-Rabat-Maroc-supporters.jpg,Ligue 1 🇫🇷,AfrikFoot Mercato,Joueur Star,,,Non communiqué,RUMEUR 📰,Neutre,lescanu17u20u23attribuéeslacafconfieunenouvelleéditionaumaro,Ligue 1 🇫🇷,International 🌍,0.0
Algérie : la FAF déjà d’accord avec son futur sélectionneur ?,https://www.afrik-foot.com/algerie-la-faf-deja-daccord-avec-son-futur-selectionneur,"Sat, 08 Aug 2026 10:06:12 +0200",2026-08-08T23:56:21.467610,fr,"La succession de Vladimir Petkovic touche à sa fin. Réuni jeudi au Centre technique national de Sidi Moussa, le Collège technique national a étudié les différents profils retenus par la Fédération algérienne pour le poste de sélectionneur. Et sauf retournement de situation, la FAF aurait déjà arrêté son choix : Félix Sanchez Bas serait désormais en pole […]",https://www.afrik-foot.com/thumbor/kNlFgb97dQKlJGd-QVg-10LDvEs=/2458x1639/smart/filters:format(webp)/https%3A%2F%2Fmedia.afrik-foot.com%2Fmain%2F2026%2F08%2FICONSPORT_164532_0006.jpg,Ligue 1 🇫🇷,AfrikFoot Mercato,João Félix,Chelsea,,Non communiqué,RUMEUR 📰,Bullish,algérielafafdéjàdaccordavecsonfutursélectionneur,Ligue 1 🇫🇷,Portugal 🇵🇹,0.0
Algérie : Youcef Belaïli envoie déjà un message au futur sélectionneur,https://www.afrik-foot.com/algerie-youcef-belaili-envoie-deja-un-message-au-futur-selectionneur,"Fri, 07 Aug 2026 22:25:14 +0200",2026-08-08T23:56:21.468210,fr,"Youcef Belaïli a envoyé un message à peine voilé au futur sélectionneur de l’équipe d’Algérie. Plus apparu en sélection depuis octobre 2025 et la victoire de l’Algérie sur la Somalie (3-0) dans le cadre des éliminatoires de la Coupe du monde 2026, Youcef Belaïli a adressé un message déguisé au futur sélectionneur des Fennecs. Alors […]",https://www.afrik-foot.com/thumbor/P1j5oYE4fJ9nUlZX6TC5s_ewQo0=/1200x800/smart/filters:format(webp)/https%3A%2F%2Fmedia.afrik-foot.com%2Fmain%2F2025%2F03%2FYoucef-Belaili-fait-son-grand-retour-en-equipe-dAlgerie.jpg,Ligue 1 🇫🇷,AfrikFoot Mercato,Youcef Belaïli,,,Non communiqué,RUMEUR 📰,Neutre,algérieyoucefbelaïlienvoiedéjàunmessageaufutursélectionneur,Ligue 1 🇫🇷,International 🌍,0.0
Algérie : Rafael Benitez rayé de la liste à cause de ses demandes disproportionnées ?,https://www.afrik-foot.com/algerie-rafael-benitez-raye-de-la-liste-a-cause-de-ses-demandes-disproportionnees,"Fri, 07 Aug 2026 19:25:41 +0200",2026-08-08T23:56:21.468615,fr,"Donné dans un premier temps comme favori pour le poste de sélectionneur de l’Algérie, Rafael Benitez aurait refroidi la fédération par ses exigences jugées démesurées. Initialement en pole pour reprendre les rênes de l’équipe d’Algérie suite au départ de Vladimir Petkovic, Rafael Benitez aurait perdu les faveurs de la Fédération algérienne de football (FAF), selon […]",https://www.afrik-foot.com/thumbor/0ak1SHFO8S6SaxnfCkWwvQtjkSk=/1200x800/smart/filters:format(webp)/https%3A%2F%2Fmedia.afrik-foot.com%2Fmain%2F2026%2F08%2FRafael-Benitez-2.jpg,Ligue 1 🇫🇷,AfrikFoot Mercato,Rafael Benitez,,,Non communiqué,RUMEUR 📰,Bearish,algérierafaelbenitezrayédelalisteàcausedesesdemandesdispropo,Ligue 1 🇫🇷,International 🌍,0.0
"CAN féminine 2026 : Cameroun-Nigeria, le retour d’un classique à l’histoire douloureuse pour les Lionnes",https://www.afrik-foot.com/can-feminine-2026-cameroun-nigeria-historique-bilan-face-a-face-statistiques,"Fri, 07 Aug 2026 18:05:08 +0200",2026-08-08T23:56:21.468748,fr,"Le Cameroun sait à quoi s’attendre. Dimanche à Casablanca, les Lionnes Indomptables retrouveront le Nigeria en quarts de finale de la CAN féminine 2026 avec l’ambition de bousculer une hiérarchie longtemps établie. Car s’il existe une sélection qui a souvent barré la route des Camerounaises sur la scène continentale, c’est bien les Super Falcons. L’histoire […]",https://www.afrik-foot.com/thumbor/KpkhIa38dnDektHS-OTjqnZ3sLs=/3339x2088/smart/filters:format(webp)/https%3A%2F%2Fmedia.afrik-foot.com%2Fmain%2F2026%2F08%2FICONSPORTxALAMY_2XYPM2K.jpg,Ligue 1 🇫🇷,AfrikFoot Mercato,Joueur Star,,,Non communiqué,RUMEUR 📰,Neutre,canféminine2026camerounnigerialeretourdunclassiqueàlhistoire,Ligue 1 🇫🇷,International 🌍,0.0
"Algérie : ce qui changerait avec Félix Sanchez, favori pour le poste de sélectionneur",https://www.afrik-foot.com/algerie-ce-qui-changerait-avec-felix-sanchez-favori-pour-le-poste-de-selectionneur,"Fri, 07 Aug 2026 14:33:00 +0200",2026-08-08T23:56:21.469010,fr,"La succession de Vladimir Petkovic commence à se préciser en Algérie. Plusieurs profils ont circulé ces derniers jours, mais celui de Félix Sanchez Bas semble désormais prendre une longueur d’avance. Moins clinquant qu’un Xavi ou qu’un Rafael Benitez, l’Espagnol correspond davantage au cahier des charges fixé par la FAF : expérience internationale, travail de formation, […]",https://www.afrik-foot.com/thumbor/zDn61xs9vioimORpJiS6xXbAohY=/7551x5036/smart/filters:format(webp)/https%3A%2F%2Fmedia.afrik-foot.com%2Fmain%2F2026%2F08%2FICONSPORT_167140_0151.jpg,Ligue 1 🇫🇷,AfrikFoot Mercato,João Félix,Chelsea,,Non communiqué,RUMEUR 📰,Bullish,algériecequichangeraitavecfélixsanchezfavoripourlepostedesél,Ligue 1 🇫🇷,Portugal 🇵🇹,0.0
Os motivos que fazem com que o Manchester United já considere a permanência de Rashford - Trivela,https://news.google.com/rss/articles/CBMilgFBVV95cUxNRFpvM205ckM5Ym5xeTRuVGRScHlvemVNX2x2QnQzWmZfSk1velFxTDZITllxMWx4YmQ5UEJVZnFvV0ZZLXphTW84WGQxdU45S2NTNHQ0eU43V1ZKLVowbzlWN09VQ1VRa2lvWnNLbmJyY2JnSUNHS3dVeE9NcTdDbTBQZGdJcEsyS3RVdGc3UWRKWElzMEE?oc=5,"Sat, 08 Aug 2026 17:00:00 GMT",2026-08-08T23:56:30.845858,pt,Os motivos que fazem com que o Manchester United já considere a permanência de Rashford Trivela,,Premier League 🏴󠁧󠁢󠁥󠁮󠁧󠁿,GE Globo Mercado da Bola,Marcus Rashford,Manchester United,,Non communiqué,RUMEUR 📰,Neutre,osmotivosquefazemcomqueomanchesterunitedjáconsidereapermanên,Premier League 🏴󠁧󠁢󠁥󠁮󠁧󠁿,Angleterre 🏴󠁧󠁢󠁥󠁮󠁧󠁿,0.0
Por que a proposta do Liverpool de R$ 676 milhões por Barcola pode não ser suficiente? - Trivela,https://news.google.com/rss/articles/CBMic0FVX3lxTE00SmtaLXhLeTdjRzBZZy1ZenpWWE5JajYzRlBtZHdZTV9sUkFDdFNsdDNBeWFSLTlaVWc1RnRRRFB0YVlmQWlQNk1BWVdMeWwyTTVLek1rM04tdHhqTzBpcVJmVWpvcTJpSi04R0VhZXBOUnc?oc=5,"Sat, 08 Aug 2026 00:23:00 GMT",2026-08-08T23:56:30.846728,pt,Por que a proposta do Liverpool de R$ 676 milhões por Barcola pode não ser suficiente? Trivela,,Premier League 🏴󠁧󠁢󠁥󠁮󠁧󠁿,GE Globo Mercado da Bola,Bradley Barcola,PSG,Liverpool,Non communiqué,NEGOCIATION 💬,Neutre,porqueapropostadoliverpoolder676milhõesporbarcolapodenãosers,Premier League 🏴󠁧󠁢󠁥󠁮󠁧󠁿,France 🇫🇷,0.0
Teilnahme an kicker-Managerspielen der 2. und 3. Liga weiter möglich - kicker,https://news.google.com/rss/articles/CBMipwFBVV95cUxOUTBDeFRJdGNSak1jRTdaNkEwaF9CbVZWVC1EWmVpZFlwcXMxV3VuRTN5cEpGZmZjZmREZ3h2bjBDSjJOVG54VGtYbGdGYTAxdTRaTlpiZmt6dTMxQnB3SWpsdDlETU9Tb0pxMmtqcEVXNzNzNFE2ZGpFTFVwOFYxa3h6eXNxS3I5SEFsM3NTWGNNNlRrQzZ4dXR0Q0UzVW9OWGpENVQ5RQ?oc=5,"Sat, 08 Aug 2026 13:49:34 GMT",2026-08-08T23:57:12.087244,de,Teilnahme an kicker-Managerspielen der 2. und 3. Liga weiter möglich kicker,,Bundesliga 🇩🇪,Kicker Transfermarkt,Joueur Star,,,Non communiqué,RUMEUR 📰,Neutre,teilnahmeankickermanagerspielender2und3ligaweitermöglichkick,Bundesliga 🇩🇪,International 🌍,0.0
Fußballtransfers: Gerüchte und News im Transferticker - Spaniens WM-Held vor Barca-Abflug? - Sport1,https://news.google.com/rss/articles/CBMipgFBVV95cUxQMHBPcFdjcTFIRmRZVm5ONms1WHZYZEQ2TkJqcUY3ZUh6TFBRSzFHb3IwMkE0S0toYWt3OVFtdUJwYzh2S05hUm5XeFpiOEtfLWs5eXo0WTBZeFJPdkcxZm9NcVVhaHBRNkFhU3ZEY1BxSTA0c0tCRXBic25nZVRuMGJrc1R1QnA5cU1qQnUzRmdvV2ZHLTQtN1dHNkZhOWFvb2twSTRn?oc=5,"Sat, 08 Aug 2026 19:29:09 GMT",2026-08-08T23:57:12.087859,de,Fußballtransfers: Gerüchte und News im Transferticker - Spaniens WM-Held vor Barca-Abflug? Sport1,,Bundesliga 🇩🇪,Kicker Transfermarkt,Joueur Star,,FC Barcelone,Non communiqué,RUMEUR 📰,Neutre,fußballtransfersgerüchteundnewsimtransfertickerspanienswmhel,Bundesliga 🇩🇪,International 🌍,0.0
Transferticker: Frankfurts Skhiri in Gesprächen – Leipzig lässt fast perfekten Transfer platzen - Absolut Fussball,https://news.google.com/rss/articles/CBMi0AFBVV95cUxONjZ1TjdWdHM3bDRySHBJZE1qeXpiY3k5WGVvbUQ0ZnFHai16OHp4UDVnUlR1d1hKNXM2dS1CZlNKekcyRmI5ZU1Gbksza1p1d3JreUR5UUNBNktmRnVsSzRGQzQwbjR4cTZkbm5PNU5FM2oxSXZlNlpXZExyOUE5T1BVYlVNS0tWVmJDZVhJek5McTdEaFpzRjRtNUN4RXpGMDgyc3l1c2xLQV9XYWpJVk56cDZnYldhUUg1bmZ4S3FqaVkwczg5WURRanVkbERf?oc=5,"Sat, 08 Aug 2026 00:17:23 GMT",2026-08-08T23:57:12.090925,de,Transferticker: Frankfurts Skhiri in Gesprächen – Leipzig lässt fast perfekten Transfer platzen Absolut Fussball,,Ligue 1 🇫🇷,Kicker Transfermarkt,Frankfurts Skhiri,,RB Leipzig,Non communiqué,RUMEUR 📰,Neutre,transfertickerfrankfurtsskhiriingesprächenleipziglässtfastpe,Ligue 1 🇫🇷,International 🌍,0.0
Exclu360. Adil Faras: «la formation est la clé de l’avenir du football féminin marocain» - Le360 Sport,https://news.google.com/rss/articles/CBMi4AFBVV95cUxPRm9WR2hhZmdRdzZwZ1JkRXR3aWdDUVFnSTlDcDV5SlVLR2pXN1FSRTJHalZCRUVkXzRiUmphM1duaXJpWWtJS21YZXJlaF9iZkJhQVd4M0VyVHRkYnVUUEJZMEFKNmUwZ0dkR0xKRFVpd3BYWkJWU0d2YTBjUExQMUJidE5Icnlmc3BkRVVLM2c1U0c1aXhRUnpORVpLMmdrOFo4dXcteGUwbF96aF9FaG5TaTJJQnpFV0NQWXVLODl6TlVWNy1uM21zSDNjRlRoWmc5MjdKS3J0VmRwQXMwaA?oc=5,"Sat, 08 Aug 2026 04:23:00 GMT",2026-08-08T23:57:22.695388,fr,Exclu360. Adil Faras: «la formation est la clé de l’avenir du football féminin marocain» Le360 Sport,,Premier League 🏴󠁧󠁢󠁥󠁮󠁧󠁿,Le360 Sport Maroc,Adil Faras,,,Non communiqué,RUMEUR 📰,Neutre,exclu360adilfaraslaformationestlaclédelavenirdufootballfémin,Premier League 🏴󠁧󠁢󠁥󠁮󠁧󠁿,International 🌍,0.0
Lens hijack Lazio’s pursuit of Benfica striker Franjo Ivanovic,https://www.getfootballnewsfrance.com/2026/lens-hijack-lazios-pursuit-of-benfica-striker-franjo-ivanovic/,"Sat, 08 Aug 2026 20:19:16 +0000",2026-08-08T23:57:38.818066,en,"RC Lens have hijacked SS Lazio’s pursuit of Benfica striker Franjo Ivanovic (22), according to Foot Mercato. The Croatian international was expected to join the Biancocelesti after the Serie A side has…",https://www.getfootballnewsfrance.com/assets/sl-benfica-v-ssc-napoli-uefa-champions-league-2025-26-league-phase-md6-scaled.jpg,Ligue 1 🇫🇷,Get French Football News,Franjo Ivanovic,SL Benfica,RC Lens,Non communiqué,RUMEUR 📰,Bullish,lenshijacklaziospursuitofbenficastrikerfranjoivanovic,Ligue 1 🇫🇷,International 🌍,0.0
"Paris FC’s Moustapha Mbow sought after by Crystal Palace, Fulham and Hull City",https://www.getfootballnewsfrance.com/2026/paris-fcs-moustapha-mbow-sought-after-by-crystal-palace-fulham-and-hull-city/,"Sat, 08 Aug 2026 17:08:01 +0000",2026-08-08T23:57:38.818452,en,"Paris FC’s Moustapha Mbow (26) is reportedly the subject of serious interest from Crystal Palace and Fulham, according to Foot Mercato. Hull City, newly promoted to the Premier League this…",https://www.getfootballnewsfrance.com/assets/united-states-v-senegal-international-friendly-1-scaled.jpg,Premier League 🏴󠁧󠁢󠁥󠁮󠁧󠁿,Get French Football News,Moustapha Mbow,Crystal Palace,Fulham,Non communiqué,RUMEUR 📰,Bullish,parisfcsmoustaphambowsoughtafterbycrystalpalacefulhamandhull,Premier League 🏴󠁧󠁢󠁥󠁮󠁧󠁿,International 🌍,0.0
Getafe set their sights on Saint-Étienne’s Pierre Ekwah,https://www.getfootballnewsfrance.com/2026/getafe-set-their-sights-on-saint-etiennes-pierre-ekwah/,"Sat, 08 Aug 2026 16:02:20 +0000",2026-08-08T23:57:38.826102,en,"Getafe are reportedly interested in signing AS Saint-Étienne’s Pierre Ekwah (24), according to journalist Sacha Tavolieri. Impressed by the midfielder’s qualities, Los Azulones are keen to pair him with their…",https://www.getfootballnewsfrance.com/assets/stoke-city-v-watford-sky-bet-championship-scaled.jpg,Ligue 1 🇫🇷,Get French Football News,Pierre Ekwah,,,Non communiqué,RUMEUR 📰,Bullish,getafesettheirsightsonsaintétiennespierreekwah,Ligue 1 🇫🇷,International 🌍,0.0
Ismaëlo Ganiou extends contract with Lens to 2030,https://www.getfootballnewsfrance.com/2026/ismaelo-ganiou-extends-contract-with-lens-to-2030/,"Sat, 08 Aug 2026 14:37:20 +0000",2026-08-08T23:57:38.826320,en,"Lens centre-back Ismaëlo Ganiou has signed a contract extension with the club, keeping him in the north of France until 2030. The 21-year-old’s deal was due to expire in two…",https://www.getfootballnewsfrance.com/assets/fbl-fra-ligue1-lens-1-scaled.webp,Ligue 1 🇫🇷,Get French Football News,Ismaëlo Ganiou,RC Lens,RC Lens,Non communiqué,RUMEUR 📰,Bullish,ismaëloganiouextendscontractwithlensto2030,Ligue 1 🇫🇷,International 🌍,0.0
Barcelona’s Ferran Torres reaches PSG contractual agreement,https://www.getfootballnewsfrance.com/2026/barcelonas-ferran-torres-reaches-psg-contractual-agreement/,"Sat, 08 Aug 2026 12:39:26 +0000",2026-08-08T23:57:38.826499,en,"Barcelona striker Ferran Torres (26) has reached a contractual agreement with PSG on the basis of a five-year deal, as reported by L’Equipe. The 26-year-old centre-forward, who scored Spain’s winning goal in…",https://www.getfootballnewsfrance.com/assets/spain-v-argentina-final-fifa-world-cup-2026-1-scaled.jpg,La Liga 🇪🇸,Get French Football News,Ferran Torres,PSG,FC Barcelone,Non communiqué,RUMEUR 📰,Neutre,barcelonasferrantorresreachespsgcontractualagreement,La Liga 🇪🇸,International 🌍,0.0
FEATURE | ‘Everything must go’ Inside the financial crisis engulfing Marseille,https://www.getfootballnewsfrance.com/2026/feature-everything-must-go-inside-the-financial-crisis-engulfing-marseille/,"Sat, 08 Aug 2026 12:08:40 +0000",2026-08-08T23:57:38.826639,en,"There is an “everything must go” feel to Marseille this summer. A new president, sporting director, and coach have arrived at the Vélodrome, tasked with rebuilding from the ruins of…",https://www.getfootballnewsfrance.com/assets/olympique-de-marseille-v-liverpool-fc-uefa-champions-league-2025-26-league-phase-md7-4-scaled.jpg,Ligue 1 🇫🇷,Get French Football News,Joueur Star,,Olympique de Marseille,Non communiqué,RUMEUR 📰,Neutre,featureeverythingmustgoinsidethefinancialcrisisengulfingmars,Ligue 1 🇫🇷,International 🌍,0.0
Marseille tracking Egypt international Haissem Hassan after World Cup breakthrough,https://www.getfootballnewsfrance.com/2026/marseille-tracking-egypt-international-haissem-hassan-after-world-cup-breakthrough/,"Sat, 08 Aug 2026 10:25:55 +0000",2026-08-08T23:57:38.826772,en,"Olympique de Marseille are keeping tabs on Real Oviedo winger Haissem Hassan (23) following his impressive performances for Egypt at the 2026 World Cup, according to L’Équipe. The Marseille-born attacker…",https://www.getfootballnewsfrance.com/assets/australia-v-egypt-round-of-32-fifa-world-cup-2026-scaled.jpg,Ligue 1 🇫🇷,Get French Football News,Haissem Hassan,,Olympique de Marseille,Non communiqué,RUMEUR 📰,Bullish,marseilletrackingegyptinternationalhaissemhassanafterworldcu,Ligue 1 🇫🇷,International 🌍,0.0
Marseille enquire about Gent striker Hyllarion Goore,https://www.getfootballnewsfrance.com/2026/marseille-enquire-about-gent-striker-hyllarion-goore/,"Sat, 08 Aug 2026 10:21:37 +0000",2026-08-08T23:57:38.826890,en,"Olympique de Marseille have made enquiries over KAA Gent forward Hyllarion Goore (20), according to L’Équipe. Marseille are yet to make their first signing of the summer transfer window, with…",https://www.getfootballnewsfrance.com/assets/GooreGentProLeague-scaled.png,Ligue 1 🇫🇷,Get French Football News,Hyllarion Goore,,Olympique de Marseille,Non communiqué,RUMEUR 📰,Bullish,marseilleenquireaboutgentstrikerhyllariongoore,Ligue 1 🇫🇷,International 🌍,0.0
Como target Marseille forward Amine Gouiri,https://www.getfootballnewsfrance.com/2026/como-target-marseille-forward-amine-gouiri/,"Sat, 08 Aug 2026 10:12:00 +0000",2026-08-08T23:57:38.827004,en,"Como have expressed a strong interest in signing Olympique de Marseille forward Amine Gouiri (26) this summer, according to a report from L’Équipe. The Algeria international could become the latest…",https://www.getfootballnewsfrance.com/assets/pl2-1892-scaled.jpg,Ligue 1 🇫🇷,Get French Football News,Amine Gouiri,,Olympique de Marseille,Non communiqué,RUMEUR 📰,Bullish,comotargetmarseilleforwardaminegouiri,Ligue 1 🇫🇷,International 🌍,0.0
Coventry City enquire about Marseille midfielder Angel Gomes,https://www.getfootballnewsfrance.com/2026/coventry-city-enquire-about-marseille-midfielder-angel-gomes/,"Sat, 08 Aug 2026 10:05:20 +0000",2026-08-08T23:57:38.827246,en,"Newly-promoted Coventry City have made enquiries over a move for Olympique de Marseille midfielder Angel Gomes (25), who is hoping to return to the Premier League this summer, according to…",https://www.getfootballnewsfrance.com/assets/wolverhampton-wanderers-v-liverpool-emirates-fa-cup-fifth-round-scaled.jpg,Premier League 🏴󠁧󠁢󠁥󠁮󠁧󠁿,Get French Football News,Coventry City,,Olympique de Marseille,Non communiqué,RUMEUR 📰,Bullish,coventrycityenquireaboutmarseillemidfielderangelgomes,Premier League 🏴󠁧󠁢󠁥󠁮󠁧󠁿,International 🌍,0.0
Ronald Araujo solves some Liverpool issues but also comes with concerns,https://www.thisisanfield.com/2026/08/ronald-araujo-solves-some-liverpool-issues-but-also-comes-with-concerns/,"Sat, 08 Aug 2026 15:00:53 +0000",2026-08-08T23:57:48.181916,en,Ronald Araujo solves some Liverpool issues but also comes with concerns,https://www.thisisanfield.com/wp-content/uploads/3E87E24-copy-2.jpg,Premier League 🏴󠁧󠁢󠁥󠁮󠁧󠁿,ThisIsAnfield Liverpool,Ronald Araújo,FC Barcelone,Liverpool,Non communiqué,RUMEUR 📰,Neutre,ronaldaraujosolvessomeliverpoolissuesbutalsocomeswithconcern,Premier League 🏴󠁧󠁢󠁥󠁮󠁧󠁿,Uruguay 🇺🇾,0.0
Josh Abe scores on Liverpool U21s debut in hint at squad vs. Monaco,https://www.thisisanfield.com/2026/08/josh-abe-liverpool-u21-debut-goal-monaco-squad-hint/,"Sat, 08 Aug 2026 14:48:14 +0000",2026-08-08T23:57:48.181941,en,Josh Abe scores on Liverpool U21s debut in hint at squad vs. Monaco,https://www.thisisanfield.com/wp-content/uploads/P2026-07-25-Liverpool_Sunderland-132.jpg,Premier League 🏴󠁧󠁢󠁥󠁮󠁧󠁿,ThisIsAnfield Liverpool,Josh Abe,Liverpool,AS Monaco,Non communiqué,RUMEUR 📰,Neutre,joshabescoresonliverpoolu21sdebutinhintatsquadvsmonaco,Premier League 🏴󠁧󠁢󠁥󠁮󠁧󠁿,International 🌍,0.0
Liverpool agree £47.1m buy clause as Ronald Araujo travels for medical,https://www.thisisanfield.com/2026/08/ronald-araujo-liverpool-buy-clause-47m-medical-barcelona/,"Sat, 08 Aug 2026 11:05:01 +0000",2026-08-08T23:57:48.181965,en,Liverpool agree £47.1m buy clause as Ronald Araujo travels for medical,https://www.thisisanfield.com/wp-content/uploads/araujotravels.jpg,Premier League 🏴󠁧󠁢󠁥󠁮󠁧󠁿,ThisIsAnfield Liverpool,Ronald Araújo,FC Barcelone,Liverpool,Non communiqué,RUMEUR 📰,Neutre,liverpoolagree471mbuyclauseasronaldaraujotravelsformedical,Premier League 🏴󠁧󠁢󠁥󠁮󠁧󠁿,Uruguay 🇺🇾,0.0
Luke Chambers interest emerges as Liverpool prepare new contract offer,https://www.thisisanfield.com/2026/08/luke-chambers-liverpool-new-contract-loan-interest/,"Sat, 08 Aug 2026 11:00:35 +0000",2026-08-08T23:57:48.181987,en,Luke Chambers interest emerges as Liverpool prepare new contract offer,https://www.thisisanfield.com/wp-content/uploads/2026-08-02-106-Liverpool_Leeds.jpg,Premier League 🏴󠁧󠁢󠁥󠁮󠁧󠁿,ThisIsAnfield Liverpool,Luke Chambers,,Liverpool,Non communiqué,RUMEUR 📰,Neutre,lukechambersinterestemergesasliverpoolpreparenewcontractoffe,Premier League 🏴󠁧󠁢󠁥󠁮󠁧󠁿,International 🌍,0.0
Ronald Araujo wages revealed with Liverpool to pay full Barcelona salary,https://www.thisisanfield.com/2026/08/ronald-araujo-wages-revealed-liverpool-barcelona-salary/,"Sat, 08 Aug 2026 09:15:28 +0000",2026-08-08T23:57:48.182009,en,Ronald Araujo wages revealed with Liverpool to pay full Barcelona salary,https://www.thisisanfield.com/wp-content/uploads/featureimage-copy-28.jpg,Premier League 🏴󠁧󠁢󠁥󠁮󠁧󠁿,ThisIsAnfield Liverpool,Ronald Araújo,FC Barcelone,Liverpool,Non communiqué,RUMEUR 📰,Neutre,ronaldaraujowagesrevealedwithliverpooltopayfullbarcelonasala,Premier League 🏴󠁧󠁢󠁥󠁮󠁧󠁿,Uruguay 🇺🇾,0.0
Ronald Araujo can be ‘one of world’s best’ – but Barca fans celebrate his exit,https://www.thisisanfield.com/2026/08/ronald-araujo-world-best-barcelona-fan-reaction-exit/,"Sat, 08 Aug 2026 08:35:50 +0000",2026-08-08T23:57:48.182033,en,Ronald Araujo can be ‘one of world’s best’ – but Barca fans celebrate his exit,https://www.thisisanfield.com/wp-content/uploads/3E87E24-copy-3.jpg,Premier League 🏴󠁧󠁢󠁥󠁮󠁧󠁿,ThisIsAnfield Liverpool,Ronald Araújo,FC Barcelone,,Non communiqué,RUMEUR 📰,Neutre,ronaldaraujocanbeoneofworldsbestbutbarcafanscelebratehisexit,Premier League 🏴󠁧󠁢󠁥󠁮󠁧󠁿,Uruguay 🇺🇾,0.0
How Ronald Araujo loan affects Liverpool’s homegrown quota,https://www.thisisanfield.com/2026/08/ronald-araujo-loan-liverpool-non-homegrown-quota-barcola/,"Sat, 08 Aug 2026 07:06:04 +0000",2026-08-08T23:57:48.182055,en,How Ronald Araujo loan affects Liverpool’s homegrown quota,https://www.thisisanfield.com/wp-content/uploads/barcolaaraujo.jpg,Premier League 🏴󠁧󠁢󠁥󠁮󠁧󠁿,ThisIsAnfield Liverpool,Ronald Araújo,FC Barcelone,,loan,RUMEUR 📰,Neutre,howronaldaraujoloanaffectsliverpoolshomegrownquota,Premier League 🏴󠁧󠁢󠁥󠁮󠁧󠁿,Uruguay 🇺🇾,0.0
"Liverpool vs. Monaco: Kick-off time, potential XI and how to watch",https://www.thisisanfield.com/2026/08/liverpool-monaco-kick-off-time-potential-xi-tv-guide/,"Sat, 08 Aug 2026 07:00:22 +0000",2026-08-08T23:57:48.182078,en,"Liverpool vs. Monaco: Kick-off time, potential XI and how to watch",https://www.thisisanfield.com/wp-content/uploads/LFCvs.Leeds-1.jpg,Premier League 🏴󠁧󠁢󠁥󠁮󠁧󠁿,ThisIsAnfield Liverpool,Joueur Star,Liverpool,AS Monaco,Non communiqué,RUMEUR 📰,Neutre,liverpoolvsmonacokickofftimepotentialxiandhowtowatch,Premier League 🏴󠁧󠁢󠁥󠁮󠁧󠁿,International 🌍,0.0
Ronald Araujo: Liverpool agree shock loan deal for Barcelona centre-back,https://www.thisisanfield.com/2026/08/ronald-araujo-liverpool-agree-shock-loan-deal-barcelona/,"Fri, 07 Aug 2026 21:58:37 +0000",2026-08-08T23:57:48.182101,en,Ronald Araujo: Liverpool agree shock loan deal for Barcelona centre-back,https://www.thisisanfield.com/wp-content/uploads/2N0X5W6-copy.jpg,Premier League 🏴󠁧󠁢󠁥󠁮󠁧󠁿,ThisIsAnfield Liverpool,Ronald Araújo,FC Barcelone,Liverpool,loan,RUMEUR 📰,Neutre,ronaldaraujoliverpoolagreeshockloandealforbarcelonacentrebac,Premier League 🏴󠁧󠁢󠁥󠁮󠁧󠁿,Uruguay 🇺🇾,0.0
Why PSG winger Ibrahim Mbaye makes strategic sense for Liverpool,https://www.thisisanfield.com/2026/08/who-is-ibrahim-mbaye-liverpool-transfer-target/,"Fri, 07 Aug 2026 17:00:20 +0000",2026-08-08T23:57:48.182125,en,Why PSG winger Ibrahim Mbaye makes strategic sense for Liverpool,https://www.thisisanfield.com/wp-content/uploads/Mbaye-FM.jpg,Premier League 🏴󠁧󠁢󠁥󠁮󠁧󠁿,ThisIsAnfield Liverpool,Ibrahim Mbaye,PSG,Liverpool,Non communiqué,RUMEUR 📰,Neutre,whypsgwingeribrahimmbayemakesstrategicsenseforliverpool,Premier League 🏴󠁧󠁢󠁥󠁮󠁧󠁿,International 🌍,0.0
Ezri Konsa linked again as Liverpool consider defender loan: Latest LFC News,https://www.thisisanfield.com/2026/08/ezri-konsa-liverpool-transfer-roundup-news-august-7/,"Fri, 07 Aug 2026 16:05:32 +0000",2026-08-08T23:57:48.182148,en,Ezri Konsa linked again as Liverpool consider defender loan: Latest LFC News,https://www.thisisanfield.com/wp-content/uploads/konsabarcolachambers.jpg,Premier League 🏴󠁧󠁢󠁥󠁮󠁧󠁿,ThisIsAnfield Liverpool,Ezri Konsa,,Liverpool,loan,RUMEUR 📰,Neutre,ezrikonsalinkedagainasliverpoolconsiderdefenderloanlatestlfc,Premier League 🏴󠁧󠁢󠁥󠁮󠁧󠁿,International 🌍,0.0
Liverpool ‘set to bid’ £98.5m for Bradley Barcola,https://www.thisisanfield.com/2026/08/liverpool-submit-115-m-bradley-barcola-bid-psg/,"Fri, 07 Aug 2026 14:51:47 +0000",2026-08-08T23:57:48.182171,en,Liverpool ‘set to bid’ £98.5m for Bradley Barcola,https://www.thisisanfield.com/wp-content/uploads/Paris-Saint-Germain-v-Stade-Brestois-29-UEFA-Champions-League-202425-League-Knockout-Play-off-Second-Leg.jpg-copy.jpg,Premier League 🏴󠁧󠁢󠁥󠁮󠁧󠁿,ThisIsAnfield Liverpool,Bradley Barcola,PSG,Liverpool,Non communiqué,NEGOCIATION 💬,Neutre,liverpoolsettobid985mforbradleybarcola,Premier League 🏴󠁧󠁢󠁥󠁮󠁧󠁿,France 🇫🇷,0.0
Liverpool in new shirt sponsor talks: Standard Chartered deal up in 2027,https://www.thisisanfield.com/2026/08/liverpool-talks-new-shirt-sponsor-standard-chartered-2027/,"Fri, 07 Aug 2026 12:44:59 +0000",2026-08-08T23:57:48.182193,en,Liverpool in new shirt sponsor talks: Standard Chartered deal up in 2027,https://www.thisisanfield.com/wp-content/uploads/2026-08-02-157-Liverpool_Leeds.jpg,Premier League 🏴󠁧󠁢󠁥󠁮󠁧󠁿,ThisIsAnfield Liverpool,Standard Chartered,,Liverpool,Non communiqué,NEGOCIATION 💬,Neutre,liverpoolinnewshirtsponsortalksstandardchartereddealupin2027,Premier League 🏴󠁧󠁢󠁥󠁮󠁧󠁿,International 🌍,0.0
Alexis Mac Allister ‘not pushing’ for exit: Only “mega bid” would tempt Liverpool,https://www.thisisanfield.com/2026/08/alexis-mac-allister-exit-stance-liverpool-transfer/,"Fri, 07 Aug 2026 11:29:02 +0000",2026-08-08T23:57:48.182216,en,Alexis Mac Allister ‘not pushing’ for exit: Only “mega bid” would tempt Liverpool,https://www.thisisanfield.com/wp-content/uploads/2026-05-24-082-Liverpool_Brentford.jpg,Premier League 🏴󠁧󠁢󠁥󠁮󠁧󠁿,ThisIsAnfield Liverpool,Alexis Mac,,Liverpool,Non communiqué,NEGOCIATION 💬,Neutre,alexismacallisternotpushingforexitonlymegabidwouldtemptliver,Premier League 🏴󠁧󠁢󠁥󠁮󠁧󠁿,International 🌍,0.0
Guimaraes sets sights on silverware and making history,https://arseblog.news/2026/08/guimaraes-sets-sights-on-silverware-and-making-history/,"Sat, 08 Aug 2026 12:01:16 +0000",2026-08-08T23:57:56.240286,en,"Bruno Guimaraes believes he is joining “one of the best” midfields in Europe and has wasted little time making it clear that Arsenal’s trophy-winning ambitions are a major part of what attracted him to the club. The Brazil international arrives at the Emirates after four-and-a-half outstanding years at Newcastle, where he established himself as one […] The post Guimaraes sets sights on silverware ",https://arseblog.news/wp-content/uploads/2026/08/Arseblog-News-1400x800-19.webp,Premier League 🏴󠁧󠁢󠁥󠁮󠁧󠁿,Arseblog News Arsenal,Bruno Guimarães,Newcastle,,Non communiqué,RUMEUR 📰,Neutre,guimaraessetssightsonsilverwareandmakinghistory,Premier League 🏴󠁧󠁢󠁥󠁮󠁧󠁿,Brésil 🇧🇷,0.0
Confirmed: Bruno Guimaraes joins Arsenal from Newcastle,https://arseblog.news/2026/08/confirmed-bruno-guimaraes-joins-arsenal-from-newcastle/,"Sat, 08 Aug 2026 11:02:27 +0000",2026-08-08T23:57:56.241897,en,"Surprise! Arsenal have completed the signing of Bruno Guimaraes from Newcastle United in a deal worth a reported £75 million, with around £7 million of the fee due to his former club Lyon. The Brazil international arrives at the Emirates after four-and-a-half hugely successful years on Tyneside, where he became one of the Premier League’s […] The post Confirmed: Bruno Guimaraes joins Arsenal from ",https://arseblog.news/wp-content/uploads/2026/08/Arseblog-News-1400x800-18.webp,Premier League 🏴󠁧󠁢󠁥󠁮󠁧󠁿,Arseblog News Arsenal,Bruno Guimarães,Newcastle,Arsenal,75 million,RUMEUR 📰,Neutre,confirmedbrunoguimaraesjoinsarsenalfromnewcastle,Premier League 🏴󠁧󠁢󠁥󠁮󠁧󠁿,Brésil 🇧🇷,75.0
Abraham Owusu-Gyasi looks to earn professional contract,https://arseblog.news/2026/08/abraham-owusu-gyasi-looks-to-earn-professional-contract/,"Sat, 08 Aug 2026 10:08:12 +0000",2026-08-08T23:57:56.247664,en,Arsenal U17s are currently participating in the Shanghai Future Star Cup and they made it to the final of the competition yesterday as they overcame the hosts on penalties following a 2-2 draw in normal time. Abraham Owusu-Gyasi scored the decisive spot-kick and the defender will be aware that this is a very important season […] The post Abraham Owusu-Gyasi looks to earn professional contract appe,https://arseblog.news/wp-content/uploads/2023/07/Arseblog-1400x800-2023-07-28T155918.110-1068x580.jpg,Premier League 🏴󠁧󠁢󠁥󠁮󠁧󠁿,Arseblog News Arsenal,Abraham Owusu,,Arsenal,Non communiqué,RUMEUR 📰,Neutre,abrahamowusugyasilookstoearnprofessionalcontract,Premier League 🏴󠁧󠁢󠁥󠁮󠁧󠁿,International 🌍,0.0
"Jesus, Vieira, Nwaneri – who could leave Arsenal next?",https://arseblog.news/2026/08/jesus-vieira-nwaneri-who-could-leave-arsenal-next/,"Fri, 07 Aug 2026 12:31:27 +0000",2026-08-08T23:57:56.272848,en,"While much of the attention in recent weeks has focused on who Arsenal might bring in, most notably Bruno Guimaraes, and the ambitious but ultimately unsuccessful pursuit of Vinicius Junior, Andrea Berta and his recruitment team still have plenty to do when it comes to trimming Mikel Arteta’s squad and balancing the books. The departures […] The post Jesus, Vieira, Nwaneri – who could leave Arsena",https://arseblog.news/wp-content/uploads/2026/08/Arseblog-News-1400x800-17.webp,Premier League 🏴󠁧󠁢󠁥󠁮󠁧󠁿,Arseblog News Arsenal,Bruno Guimarães,Newcastle,Arsenal,Non communiqué,RUMEUR 📰,Neutre,jesusvieiranwaneriwhocouldleavearsenalnext,Premier League 🏴󠁧󠁢󠁥󠁮󠁧󠁿,Brésil 🇧🇷,0.0
Jessie Gale joins Newcastle United on loan,https://arseblog.news/2026/08/jessie-gale-joins-newcastle-united-on-loan/,"Fri, 07 Aug 2026 10:11:21 +0000",2026-08-08T23:57:56.274309,en,"As reported by Arseblog News on 24th July, young Arsenal striker Jessie Gale has joined WSL2 side Newcastle United on loan for the 2026-27 season. Gale joined the Gunners from Charlton in 2024 and had a dual registration deal with Watford for the second half of the 2024-25 season. In 2025-26, Gale spent the first […] The post Jessie Gale joins Newcastle United on loan appeared first on Arseblog Ne",https://arseblog.news/wp-content/uploads/2026/08/jessie-gale.webp,Premier League 🏴󠁧󠁢󠁥󠁮󠁧󠁿,Arseblog News Arsenal,Jessie Gale,Arsenal,Newcastle,loan,RUMEUR 📰,Neutre,jessiegalejoinsnewcastleunitedonloan,Premier League 🏴󠁧󠁢󠁥󠁮󠁧󠁿,International 🌍,0.0
Report: Arsenal interested in Spurs captain Romero,https://arseblog.news/2026/08/report-arsenal-interested-in-spurs-captain-romero/,"Thu, 06 Aug 2026 21:19:18 +0000",2026-08-08T23:57:56.280214,en,"Arsenal have reportedly expressed an interest in Tottenham captain Cristian Romero, as their search for a centre back continues this summer. According to The Athletic (£), Inter have already verbally agreed a €40million (£34.2million) fee with Spurs for the Argentina defender but are yet to agree personal terms with the player. 🚨 Arsenal among clubs […] The post Report: Arsenal interested in Spurs",https://arseblog.news/wp-content/uploads/2026/08/cuti.webp,Premier League 🏴󠁧󠁢󠁥󠁮󠁧󠁿,Arseblog News Arsenal,Joueur Star,Arsenal,Tottenham,40million,RUMEUR 📰,Bullish,reportarsenalinterestedinspurscaptainromero,Premier League 🏴󠁧󠁢󠁥󠁮󠁧󠁿,International 🌍,40.0
Report: Vini Jr and Real Madrid agree new contract,https://arseblog.news/2026/08/report-vini-jr-and-real-madrid-agree-new-contract/,"Thu, 06 Aug 2026 17:57:53 +0000",2026-08-08T23:57:56.300599,en,"Vinicius Junior and Real Madrid have reportedly agreed terms on a new six-year contract, putting an end to ongoing speculation about his future with the Spanish giants. According to David Ornstein in The Athletic (£), Madrid and Vini Jr met on Wednesday to discuss terms and after months of unsuccessful talks, an improved package was […] The post Report: Vini Jr and Real Madrid agree new contract a",https://arseblog.news/wp-content/uploads/2026/08/vini.webp,Premier League 🏴󠁧󠁢󠁥󠁮󠁧󠁿,Arseblog News Arsenal,Vinicius Jr,Real Madrid,,Non communiqué,RUMEUR 📰,Bullish,reportvinijrandrealmadridagreenewcontract,Premier League 🏴󠁧󠁢󠁥󠁮󠁧󠁿,Brésil 🇧🇷,0.0
Arsenal announce extension of long-running Emirates partnership,https://arseblog.news/2026/08/arsenal-announce-extension-of-long-running-emirates-partnership/,"Thu, 06 Aug 2026 10:10:04 +0000",2026-08-08T23:57:56.301973,en,"Arsenal have announced a new five-year agreement with Emirates that will see the airline remain both the club’s principal shirt sponsor, training kit sponsor and the holder of the naming rights to Emirates Stadium until 2033. The deal, reported to be a significant increase on the current £45 million per year agreement, ensures one of the […] The post Arsenal announce extension of long-running Emir",https://arseblog.news/wp-content/uploads/2026/07/Arseblog-News-1400x800-8.webp,Premier League 🏴󠁧󠁢󠁥󠁮󠁧󠁿,Arseblog News Arsenal,Joueur Star,,Arsenal,45 million,RUMEUR 📰,Neutre,arsenalannounceextensionoflongrunningemiratespartnership,Premier League 🏴󠁧󠁢󠁥󠁮󠁧󠁿,International 🌍,45.0
Injury halts Copley’s impressive progress,https://arseblog.news/2026/08/injury-halts-copleys-impressive-progress/,"Thu, 06 Aug 2026 09:59:13 +0000",2026-08-08T23:57:56.306288,en,Suffering an injury at any time is hugely frustrating but Louie Copley will be especially disappointed following his setback last night. The full extent of the injury sustained by the 19-year-old while playing for the Arsenal first-team against Real Betis is yet to be discovered but the early signs were certainly concerning. Copley had also […] The post Injury halts Copley’s impressive progress ap,https://arseblog.news/wp-content/uploads/2026/01/Arseblog-News-1400x800-2026-01-09T121735.850.webp,Premier League 🏴󠁧󠁢󠁥󠁮󠁧󠁿,Arseblog News Arsenal,Joueur Star,Arsenal,Real Betis,Non communiqué,RUMEUR 📰,Neutre,injuryhaltscopleysimpressiveprogress,Premier League 🏴󠁧󠁢󠁥󠁮󠁧󠁿,International 🌍,0.0
"Arteta on Betis defeat, new season ambitions, Bruno deal & Copley injury",https://arseblog.news/2026/08/arteta-on-betis-defeat-new-season-ambitions-bruno-deal-copley-injury/,"Wed, 05 Aug 2026 21:27:41 +0000",2026-08-08T23:57:56.308301,en,"Mikel Arteta was left with plenty to ponder after Arsenal slumped to a 3-1 defeat against Real Betis in Dublin, undone by a series of sloppy mistakes that allowed the Spaniards to race into a commanding first-half lead before comfortably seeing the game out. Viktor Gyokeres had the first real chance of the evening but […] The post Arteta on Betis defeat, new season ambitions, Bruno deal & Copley i",https://arseblog.news/wp-content/uploads/2026/08/Arseblog-News-1400x800-16.webp,Premier League 🏴󠁧󠁢󠁥󠁮󠁧󠁿,Arseblog News Arsenal,Viktor Gyökeres,Arsenal,Real Betis,Non communiqué,RUMEUR 📰,Neutre,artetaonbetisdefeatnewseasonambitionsbrunodealcopleyinjury,Premier League 🏴󠁧󠁢󠁥󠁮󠁧󠁿,Suède 🇸🇪,0.0
Confirmed: Everton sign Christian Norgaard,https://arseblog.news/2026/08/confirmed-everton-sign-christian-norgaard/,"Wed, 05 Aug 2026 21:00:45 +0000",2026-08-08T23:57:56.309635,en,"Everton have confirmed the signing of Christian Norgaard from Arsenal in a deal reported to be worth £7 million. The Denmark international leaves north London after just one season, during which he helped Arsenal win the Premier League and reach the finals of both the Champions League and League Cup. Signed from Brentford following the […] The post Confirmed: Everton sign Christian Norgaard appear",https://arseblog.news/wp-content/uploads/2025/07/Arseblog-News-1400x800-27.webp,Premier League 🏴󠁧󠁢󠁥󠁮󠁧󠁿,Arseblog News Arsenal,Christian Norgaard,Everton,Arsenal,7 million,RUMEUR 📰,Bullish,confirmedevertonsignchristiannorgaard,Premier League 🏴󠁧󠁢󠁥󠁮󠁧󠁿,International 🌍,7.0
Report: Arsenal 1-3 Real Betis (inc. goals),https://arseblog.news/2026/08/report-arsenal-1-3-real-betis-inc-goals/,"Wed, 05 Aug 2026 20:38:04 +0000",2026-08-08T23:57:56.314559,en,"Arsenal continued their pre-season preparations with a 3-1 defeat to Real Betis in Dublin, despite a first half strike from Piero Hincapie. Next up it’s Borussia Dortmund on Sunday, August 9th as they play their first game of the summer on home soil. First half XI: Kepa, White, Mosquera, Hincapie, Calafiori, Lewis-Skelly, Havertz, Nwaneri, Dowman, […] The post Report: Arsenal 1-3 Real Betis (inc. ",https://arseblog.news/wp-content/uploads/2026/08/cala.webp,Premier League 🏴󠁧󠁢󠁥󠁮󠁧󠁿,Arseblog News Arsenal,Piero Hincapié,Arsenal,Real Betis,Non communiqué,RUMEUR 📰,Neutre,reportarsenal13realbetisincgoals,Premier League 🏴󠁧󠁢󠁥󠁮󠁧󠁿,Équateur 🇪🇨,0.0
Report: Arsenal closing in on deal for Bruno Guimaraes,https://arseblog.news/2026/08/report-arsenal-closing-in-on-deal-for-bruno-guimaraes/,"Tue, 04 Aug 2026 15:04:51 +0000",2026-08-08T23:57:56.320480,en,"According to The Athletic, Arsenal are close to finalising a deal with Newcastle for Bruno Guimaraes. There have been conflicting reports about the nature of negotiations between the two clubs this summer, with much of the back and forth seemingly handled by intermediaries. What has never been in doubt, however, is Arsenal’s long-standing interest in […] The post Report: Arsenal closing in on deal",https://arseblog.news/wp-content/uploads/2026/08/Arseblog-News-1400x800-15.webp,Premier League 🏴󠁧󠁢󠁥󠁮󠁧󠁿,Arseblog News Arsenal,Bruno Guimarães,Newcastle,Arsenal,Non communiqué,RUMEUR 📰,Bullish,reportarsenalclosinginondealforbrunoguimaraes,Premier League 🏴󠁧󠁢󠁥󠁮󠁧󠁿,Brésil 🇧🇷,0.0
Wenger breaks silence over Infantino controversy,https://arseblog.news/2026/08/wenger-breaks-silence-over-infantino-controversy/,"Tue, 04 Aug 2026 11:48:15 +0000",2026-08-08T23:57:56.326116,en,Arsene Wenger says he first learned of Gianni Infantino’s plan to create a commercial subsidiary of FIFA through media reports and believes it was “absolutely necessary and beyond question” that the proposal was abandoned. The former Arsenal manager has served as FIFA’s Chief of Global Football Development since 2019. While he is not generally regarded […] The post Wenger breaks silence over Infan,https://arseblog.news/wp-content/uploads/2026/08/Arseblog-News-1400x800-14.webp,Premier League 🏴󠁧󠁢󠁥󠁮󠁧󠁿,Arseblog News Arsenal,Joueur Star,,Arsenal,Non communiqué,RUMEUR 📰,Neutre,wengerbreakssilenceoverinfantinocontroversy,Premier League 🏴󠁧󠁢󠁥󠁮󠁧󠁿,International 🌍,0.0
Arsenal Women Arsecast Episode 171: August Mailbag,https://arseblog.news/2026/08/arsenal-women-arsecast-episode-171-august-mailbag/,"Tue, 04 Aug 2026 07:00:12 +0000",2026-08-08T23:57:56.371053,en,"Welcome to a brand new episode of the Arsenal Women Arsecast, the number one podcast about Arsenal Women. In this episode of the Arsenal Women Arsecast, Tim and Jamie start by discussing Jenna Nighswonger’s impending move to Bay FC and the departure of Marc Skinner at Manchester United. Then they take listener questions on how […] The post Arsenal Women Arsecast Episode 171: August Mailbag appeare",https://arseblog.news/wp-content/uploads/2025/10/ArsenalWomenArsecast2025.webp,Premier League 🏴󠁧󠁢󠁥󠁮󠁧󠁿,Arseblog News Arsenal,Arsenal Women,Arsenal,Manchester United,Non communiqué,RUMEUR 📰,Neutre,arsenalwomenarsecastepisode171augustmailbag,Premier League 🏴󠁧󠁢󠁥󠁮󠁧󠁿,International 🌍,0.0
Jenna Nighswonger to join Bay FC,https://arseblog.news/2026/08/jenna-nighswonger-to-join-bay-fc/,"Mon, 03 Aug 2026 21:49:20 +0000",2026-08-08T23:57:56.375574,en,"ESPN is reporting that Bay FC have agreed a deal to sign Jenna Nighswonger from Arsenal for a fee of around £150k. This reflects information Arseblog News had last week (minus the fee, we didn’t know that) but we didn’t feel we had the story well sourced enough to run it. Nighswonger joined the club […] The post Jenna Nighswonger to join Bay FC appeared first on Arseblog News - the Arsenal news si",https://arseblog.news/wp-content/uploads/2025/08/IMGL0625.webp,Premier League 🏴󠁧󠁢󠁥󠁮󠁧󠁿,Arseblog News Arsenal,Jenna Nighswonger,,Arsenal,Non communiqué,RUMEUR 📰,Neutre,jennanighswongertojoinbayfc,Premier League 🏴󠁧󠁢󠁥󠁮󠁧󠁿,International 🌍,0.0
Arsenal Women confirm pre-season schedule,https://arseblog.news/2026/08/arsenal-women-confirm-pre-season-schedule/,"Mon, 03 Aug 2026 13:29:28 +0000",2026-08-08T23:57:56.377064,en,"Arsenal Women have confirmed their public pre-season schedule for the summer, with friendlies against Paris FC and Charlton Athletic at Meadow Park. They will also undergo a training camp in Spain prior to those games. Our understanding is that a BCD game is likely to be played in Spain. We would also expect a final […] The post Arsenal Women confirm pre-season schedule appeared first on Arseblog ",https://arseblog.news/wp-content/uploads/2024/05/CROWD-20240518-7M9A0447-1400.jpg,Premier League 🏴󠁧󠁢󠁥󠁮󠁧󠁿,Arseblog News Arsenal,Arsenal Women,,Arsenal,Non communiqué,RUMEUR 📰,Neutre,arsenalwomenconfirmpreseasonschedule,Premier League 🏴󠁧󠁢󠁥󠁮󠁧󠁿,International 🌍,0.0
Havertz targets more silverware as Arteta hails Tzolis,https://arseblog.news/2026/08/havertz-targets-more-silverware-as-arteta-hails-tzolis/,"Mon, 03 Aug 2026 13:20:45 +0000",2026-08-08T23:57:56.383724,en,"Kai Havertz says Arsenal “want all the trophies” as they prepare to defend their Premier League crown and mount another challenge for Champions League glory. Eager to get back to work after the World Cup, the Germany international made an immediate impact, opening the scoring as the Gunners beat Girona 4-1 in Spain in their […] The post Havertz targets more silverware as Arteta hails Tzolis appear",https://arseblog.news/wp-content/uploads/2026/08/Arseblog-News-1400x800-13.webp,Premier League 🏴󠁧󠁢󠁥󠁮󠁧󠁿,Arseblog News Arsenal,Mikel Arteta,Arsenal,Girona,Non communiqué,RUMEUR 📰,Neutre,havertztargetsmoresilverwareasartetahailstzolis,Premier League 🏴󠁧󠁢󠁥󠁮󠁧󠁿,Espagne 🇪🇸,0.0
Arsenal launch adidas third kit for 2026/27,https://arseblog.news/2026/08/arsenal-launch-adidas-third-kit-for-2026-27/,"Mon, 03 Aug 2026 10:51:52 +0000",2026-08-08T23:57:56.388326,en,"Arsenal have officially unveiled their third kit for the 2026/27 season, a yellow number that bears more than a passing resemblance to the away strip worn five years ago. It’s a smart enough design, inspired by “a colour closely associated with some of Arsenal’s most memorable chapters.” The shirt features a subtle lightning graphic across […] The post Arsenal launch adidas third kit for 2026/27 a",https://arseblog.news/wp-content/uploads/2026/08/Arseblog-News-1400x800-12.webp,Premier League 🏴󠁧󠁢󠁥󠁮󠁧󠁿,Arseblog News Arsenal,Joueur Star,,Arsenal,Non communiqué,RUMEUR 📰,Neutre,arsenallaunchadidasthirdkitfor202627,Premier League 🏴󠁧󠁢󠁥󠁮󠁧󠁿,International 🌍,0.0
Arsenal youngsters take their chances against Girona,https://arseblog.news/2026/08/arsenal-youngsters-take-their-chances-against-girona/,"Sun, 02 Aug 2026 09:54:48 +0000",2026-08-08T23:57:56.445436,en,Last night was a significant occasion for the Arsenal academy with a host of youngsters featuring for the first-team in their victory against Girona. Max Dowman and Marli Salmon are only 16 years old but they both already look very much like senior players. Defensive midfielder Ife Ibrahim gave a very good account of himself […] The post Arsenal youngsters take their chances against Girona appeare,https://arseblog.news/wp-content/uploads/2023/07/Arseblog-1400x800-2023-07-28T155918.110-1068x580.jpg,Premier League 🏴󠁧󠁢󠁥󠁮󠁧󠁿,Arseblog News Arsenal,Joueur Star,Arsenal,Girona,Non communiqué,RUMEUR 📰,Neutre,arsenalyoungsterstaketheirchancesagainstgirona,Premier League 🏴󠁧󠁢󠁥󠁮󠁧󠁿,International 🌍,0.0
Dave Portnoy calls on Caitlin Clark to quit WNBA after latest controversy and fans agree,https://www.hitc.com/dave-portnoy-calls-on-caitlin-clark-to-quit-wnba-after-latest-controversy-and-fans-agree/,"Sat, 08 Aug 2026 22:52:07 +0000",2026-08-08T23:58:04.261321,en,Dave Portnoy has urged Caitlin Clark to ‘start your own league’ after her latest WNBA controversy. The Indiana Fever star picked up her eighth technical...,https://cdn3.hitc.com/uploads/1/2026/08/GettyImages-2288936782-scaled.jpg,Premier League 🏴󠁧󠁢󠁥󠁮󠁧󠁿,HITC Football,Dave Portnoy,,,Non communiqué,RUMEUR 📰,Neutre,daveportnoycallsoncaitlinclarktoquitwnbaafterlatestcontrover,Premier League 🏴󠁧󠁢󠁥󠁮󠁧󠁿,International 🌍,0.0
Ferran Torres to PSG? The irony no one can ignore,https://www.hitc.com/ferran-torres-to-psg-the-irony-no-one-can-ignore/,"Sat, 08 Aug 2026 21:22:06 +0000",2026-08-08T23:58:04.267655,en,The Ferran Torres vs Barcelona internet saga just keeps on getting interesting. Torres is reportedly close to joining Paris Saint-Germain after agreeing personal terms with...,https://cdn3.hitc.com/uploads/1/2023/03/GettyImages-1241204293-scaled.jpg,Premier League 🏴󠁧󠁢󠁥󠁮󠁧󠁿,HITC Football,Ferran Torres,FC Barcelone,PSG,Non communiqué,RUMEUR 📰,Neutre,ferrantorrestopsgtheironynoonecanignore,Premier League 🏴󠁧󠁢󠁥󠁮󠁧󠁿,International 🌍,0.0
"Real Madrid, Barcelona unite in touching tribute to Lionel Messi’s late father",https://www.hitc.com/real-madrid-barcelona-unite-in-touching-tribute-to-lionel-messis-late-father/,"Sat, 08 Aug 2026 19:11:19 +0000",2026-08-08T23:58:04.273608,en,La Liga giants have just displayed class like no other. Real Madrid and Barcelona have both paid tribute to Lionel Messi following the death of...,https://cdn3.hitc.com/uploads/1/2026/08/GettyImages-1233964026.jpg,Premier League 🏴󠁧󠁢󠁥󠁮󠁧󠁿,HITC Football,Lionel Messi,Real Madrid,FC Barcelone,Non communiqué,RUMEUR 📰,Neutre,realmadridbarcelonauniteintouchingtributetolionelmessislatef,Premier League 🏴󠁧󠁢󠁥󠁮󠁧󠁿,Argentine 🇦🇷,0.0
What Bryson DeChambeau claimed about LIV Golf’s long-term future during first ever press conference in 2022,https://www.hitc.com/what-bryson-dechambeau-claimed-about-liv-golfs-long-term-future-during-first-ever-press-conference-in-2022/,"Sat, 08 Aug 2026 16:00:00 +0000",2026-08-08T23:58:04.276182,en,Bryson DeChambeau’s future with LIV Golf is completely up in the air right now. DeChambeau’s current contract with LIV Golf is due to expire at...,https://cdn3.hitc.com/uploads/1/2026/07/GettyImages-2209790013-1-scaled.jpg,Premier League 🏴󠁧󠁢󠁥󠁮󠁧󠁿,HITC Football,What Bryson,,,Non communiqué,RUMEUR 📰,Neutre,whatbrysondechambeauclaimedaboutlivgolfslongtermfutureduring,Premier League 🏴󠁧󠁢󠁥󠁮󠁧󠁿,International 🌍,0.0
When Erling Haaland is expected to return to Man City training after starring at World Cup,https://www.hitc.com/when-erling-haaland-is-expected-to-return-to-man-city-training-after-starring-at-world-cup/,"Sat, 08 Aug 2026 14:00:00 +0000",2026-08-08T23:58:04.281645,en,Erling Haaland catapulted himself onto the world stage when he shone for Norway at the 2026 World Cup in North America. The Manchester City forward...,https://cdn3.hitc.com/uploads/1/2026/07/GettyImages-2286172413-scaled.jpg,Premier League 🏴󠁧󠁢󠁥󠁮󠁧󠁿,HITC Football,Erling Haaland,Manchester City,,Non communiqué,RUMEUR 📰,Neutre,whenerlinghaalandisexpectedtoreturntomancitytrainingaftersta,Premier League 🏴󠁧󠁢󠁥󠁮󠁧󠁿,Norvège 🇳🇴,0.0
Wrexham fans make it clear what their team is lacking after losing first competitive game of 26/27,https://www.hitc.com/wrexham-fans-make-it-clear-what-their-team-is-lacking-after-losing-first-competitive-game-of-26-27/,"Sat, 08 Aug 2026 13:30:00 +0000",2026-08-08T23:58:04.282039,en,"Wrexham made history in the 2025/26 season by securing their highest-ever league finish, but more is expected this time around. Back in 2025, it emerged...",https://cdn3.hitc.com/uploads/1/2026/07/GettyImages-2251717968-scaled.jpg,Premier League 🏴󠁧󠁢󠁥󠁮󠁧󠁿,HITC Football,Joueur Star,,,Non communiqué,RUMEUR 📰,Neutre,wrexhamfansmakeitclearwhattheirteamislackingafterlosingfirst,Premier League 🏴󠁧󠁢󠁥󠁮󠁧󠁿,International 🌍,0.0
Bolton Wanderers fans will love what James Trafford said after joining Leeds,https://footballleagueworld.co.uk/bolton-wanderers-supporters-will-love-what-james-trafford-said-after-joining-leeds/,"Sat, 08 Aug 2026 19:30:14 GMT",2026-08-08T23:58:12.592355,en,"James Trafford has joined Leeds United from Man City, with the goalkeeper reflecting on his time at Bolton Wanderers after arriving at Elland Road.",https://static0.footballleagueworldimages.com/wordpress/wp-content/uploads/2026/08/copy-of-copy-of-copy-of-flw-fi-3000x1500-2026-08-07t165201-929.png,Premier League 🏴󠁧󠁢󠁥󠁮󠁧󠁿,Football League World EFL,Bolton Wanderers,,Manchester City,Non communiqué,RUMEUR 📰,Neutre,boltonwanderersfanswilllovewhatjamestraffordsaidafterjoining,Premier League 🏴󠁧󠁢󠁥󠁮󠁧󠁿,International 🌍,0.0
"Jesurun Rak-Sakyi could leave Crystal Palace: Cardiff, Norwich & Preston must be ready",https://footballleagueworld.co.uk/jesurun-rak-sakyi-could-leave-crystal-palace-cardiff-norwich-preston-must-be-ready/,"Sat, 08 Aug 2026 19:00:13 GMT",2026-08-08T23:58:12.592611,en,"Cardiff City, Norwich City, and Preston North End must be on alert in case Jesurun Rak-Sakyi becomes available from Crystal Palace",https://static0.footballleagueworldimages.com/wordpress/wp-content/uploads/2026/08/3000x1500-1.jpg,Premier League 🏴󠁧󠁢󠁥󠁮󠁧󠁿,Football League World EFL,Jesurun Rak,,Crystal Palace,Non communiqué,RUMEUR 📰,Neutre,jesurunraksakyicouldleavecrystalpalacecardiffnorwichprestonm,Premier League 🏴󠁧󠁢󠁥󠁮󠁧󠁿,International 🌍,0.0
Why Leeds United will be watching Millwall & Bolton transfer chase closely,https://footballleagueworld.co.uk/why-leeds-united-will-be-watching-millwall-bolton-transfer-chase-closely/,"Sat, 08 Aug 2026 18:30:14 GMT",2026-08-08T23:58:12.592837,en,Why Leeds United will be closely watching the transfer chase unfolding between Millwall and Bolton Wanderers for a former MK Dons forward.,https://static0.footballleagueworldimages.com/wordpress/wp-content/uploads/2026/08/copy-of-copy-of-copy-of-flw-fi-3000x1500-2026-08-07t174412-588.png,Premier League 🏴󠁧󠁢󠁥󠁮󠁧󠁿,Football League World EFL,Why Leeds,,,Non communiqué,RUMEUR 📰,Neutre,whyleedsunitedwillbewatchingmillwallboltontransferchaseclose,Premier League 🏴󠁧󠁢󠁥󠁮󠁧󠁿,International 🌍,0.0
Ladislav Krejci & Jean-Ricner Bellegarde likely to leave Wolves this summer - It 'makes sense',https://footballleagueworld.co.uk/ladislav-krejci-jean-ricner-bellegarde-likely-to-leave-wolves-this-summer/,"Sat, 08 Aug 2026 18:15:14 GMT",2026-08-08T23:58:12.593059,en,FLW's Wolves fan pundit believes Ladislav Krejci and Jean-Ricner Bellegarde are the likeliest to leave the club this summer,https://static0.footballleagueworldimages.com/wordpress/wp-content/uploads/2026/08/3000x1500-6.jpg,Premier League 🏴󠁧󠁢󠁥󠁮󠁧󠁿,Football League World EFL,Ladislav Krejci,,Wolverhampton,Non communiqué,RUMEUR 📰,Neutre,ladislavkrejcijeanricnerbellegardelikelytoleavewolvesthissum,Premier League 🏴󠁧󠁢󠁥󠁮󠁧󠁿,International 🌍,0.0
The bizarre reason Birmingham City and Hull target Joe Gelhardt is called 'Joffy',https://footballleagueworld.co.uk/the-bizarre-reason-birmingham-city-and-hull-target-joe-gelhardt-is-called-joffy/,"Sat, 08 Aug 2026 18:00:14 GMT",2026-08-08T23:58:12.593264,en,"Leeds United forward Joe Gelhardt is a transfer target for Birmingham City and Hull City, but why is he nicknamed ""Joffy""?",https://static0.footballleagueworldimages.com/wordpress/wp-content/uploads/2026/08/copy-of-copy-of-copy-of-flw-fi-3000x1500-2026-08-07t121638-415.png,Premier League 🏴󠁧󠁢󠁥󠁮󠁧󠁿,Football League World EFL,Birmingham City,,,Non communiqué,RUMEUR 📰,Neutre,thebizarrereasonbirminghamcityandhulltargetjoegelhardtiscall,Premier League 🏴󠁧󠁢󠁥󠁮󠁧󠁿,International 🌍,0.0
"Nottingham Forest centre-back could leave: Millwall, Watford & Wrexham should be lurking",https://footballleagueworld.co.uk/nottingham-forest-face-tyler-bindon-call-millwall-watford-wrexham-should-be-alert/,"Sat, 08 Aug 2026 11:30:14 GMT",2026-08-08T23:58:12.593471,en,"Millwall, Watford, and Wrexham should be on alert in case Nottingham Forest sanctions Tyler Bindon's exit this summer",https://static0.footballleagueworldimages.com/wordpress/wp-content/uploads/2026/08/3000x1500-2.jpg,Premier League 🏴󠁧󠁢󠁥󠁮󠁧󠁿,Football League World EFL,Joueur Star,,Nottingham Forest,Non communiqué,RUMEUR 📰,Neutre,nottinghamforestcentrebackcouldleavemillwallwatfordwrexhamsh,Premier League 🏴󠁧󠁢󠁥󠁮󠁧󠁿,International 🌍,0.0
Chris Wilder makes exciting Sheffield United claim that rests on transfer outcome,https://footballleagueworld.co.uk/chris-wilder-makes-exciting-sheffield-united-claim-that-rests-on-transfer-outcome/,"Sat, 08 Aug 2026 11:00:14 GMT",2026-08-08T23:58:12.593687,en,Sheffield United boss Chris Wilder has made an exciting claim ahead of the new season which hinges on his side's transfer business.,https://static0.footballleagueworldimages.com/wordpress/wp-content/uploads/2026/08/chris-wilder-sheffield-united.png,Premier League 🏴󠁧󠁢󠁥󠁮󠁧󠁿,Football League World EFL,Chris Wilder,,,Non communiqué,RUMEUR 📰,Neutre,chriswildermakesexcitingsheffieldunitedclaimthatrestsontrans,Premier League 🏴󠁧󠁢󠁥󠁮󠁧󠁿,International 🌍,0.0
Middlesbrough urged to sign ex-Bolton Wanderers star - Rangers have had £5m bid snubbed,https://footballleagueworld.co.uk/middlesbrough-told-to-sign-former-bolton-loan-star-who-can-score-a-goal-out-of-nothing/,"Sat, 08 Aug 2026 11:00:14 GMT",2026-08-08T23:58:12.596823,en,FLW's Middlesbrough fan pundit has urged the club to sign former Bolton Wanderers loanee Amario Cozier-Duberry this summer,https://static0.footballleagueworldimages.com/wordpress/wp-content/uploads/2026/08/3000x1500-2026-08-06t114254-808.jpg,Premier League 🏴󠁧󠁢󠁥󠁮󠁧󠁿,Football League World EFL,Bolton Wanderers,,,loan,NEGOCIATION 💬,Neutre,middlesbroughurgedtosignexboltonwanderersstarrangershavehad5,Premier League 🏴󠁧󠁢󠁥󠁮󠁧󠁿,International 🌍,0.0
Wolves drop ‘truly incredible’ Raul Jimenez footage and it causes a stir online,https://footballleagueworld.co.uk/wolves-drop-truly-incredible-raul-jimenez-footage-and-it-causes-a-stir-online/,"Sat, 08 Aug 2026 09:57:41 GMT",2026-08-08T23:58:12.597336,en,Raul Jimenez made his first appearance since rejoining Wolves as a substitute in their comfortable win over Port Vale at Molineux in the EFL Cup.,https://static0.footballleagueworldimages.com/wordpress/wp-content/uploads/2026/08/copy-of-copy-of-copy-of-flw-fi-3000x1500-2026-08-08t102051-336.jpg,Premier League 🏴󠁧󠁢󠁥󠁮󠁧󠁿,Football League World EFL,Raul Jimenez,,Wolverhampton,Non communiqué,RUMEUR 📰,Neutre,wolvesdroptrulyincrediblerauljimenezfootageanditcausesastiro,Premier League 🏴󠁧󠁢󠁥󠁮󠁧󠁿,International 🌍,0.0
Sheffield United suffer Harry Souttar transfer blow after double Leicester City update,https://footballleagueworld.co.uk/sheffield-united-suffer-harry-souttar-transfer-blow-after-double-leicester-city-update/,"Sat, 08 Aug 2026 09:41:26 GMT",2026-08-08T23:58:12.597655,en,Sheffield United's chances of re-signing Harry Souttar appear to be shrinking after Ben Nelson's injury at Leicester City.,https://static0.footballleagueworldimages.com/wordpress/wp-content/uploads/2026/08/copy-of-copy-of-flw-fi-3000x1500-7.jpg,Premier League 🏴󠁧󠁢󠁥󠁮󠁧󠁿,Football League World EFL,Sheffield United,,,Non communiqué,RUMEUR 📰,Neutre,sheffieldunitedsufferharrysouttartransferblowafterdoubleleic,Premier League 🏴󠁧󠁢󠁥󠁮󠁧󠁿,International 🌍,0.0
Mohamed Abdelmonem Rejects Lucrative Offers to Stay in Europe,https://www.kingfut.com/2026/08/07/mohamed-abdelmonem-rejects-lucrative-offers-to-stay-in-ogc-nice/,"Fri, 07 Aug 2026 16:07:02 +0000",2026-08-08T23:58:20.030630,en,"Mohamed Abdelmonem has reportedly rejected approaches from an unnamed Gulf club, Al Ahly, and Pyramids, prioritising his stay at Nice. According to Nice-based journalist Cédric Rocancourt, a Gulf club contacted Abdelmonem several weeks ago. The offer was worth nearly €5 million. However, the 27-year-old turned it down, as he wants to establish himself at Nice. […] The post Mohamed Abdelmonem Rejec",https://www.kingfut.com/wp-content/uploads/2026/08/image-8-1000x600.png,Ligue 1 🇫🇷,KingFut Africa Transfers,Mohamed Abdelmonem,,,5 million,RUMEUR 📰,Bullish,mohamedabdelmonemrejectslucrativeofferstostayineurope,Ligue 1 🇫🇷,International 🌍,5.0
Real Oviedo Confirm Advanced Celtic Talks for Haissem Hassan,https://www.kingfut.com/2026/08/07/real-oviedo-confirm-advanced-celtic-talks-for-haissem-hassan/,"Fri, 07 Aug 2026 09:34:38 +0000",2026-08-08T23:58:20.031134,en,"Real Oviedo has confirmed that Celtic is nearing a deal for Haissem Hassan, who has reportedly agreed to a four-year contract. According to Scottish outlet CeltsAreHere, the Spanish club directly verified claims surrounding the negotiations, including an overall package valued at around €11 million. The precise structure was initially unclear, but Sky Sports reporter Anthony […] The post Real Ovie",https://www.kingfut.com/wp-content/uploads/2026/08/GettyImages-2281890595-e1783100927756.webp,Premier League 🏴󠁧󠁢󠁥󠁮󠁧󠁿,KingFut Africa Transfers,Real Oviedo,,,11 million,NEGOCIATION 💬,Bullish,realoviedoconfirmadvancedceltictalksforhaissemhassan,Premier League 🏴󠁧󠁢󠁥󠁮󠁧󠁿,International 🌍,11.0
Zamalek and Bezerra Clash Publicly Over Shabab Al Ahli Move,https://www.kingfut.com/2026/08/07/zamalek-and-bezerra-clash-publicly-over-shabab-al-ahli-move/,"Fri, 07 Aug 2026 00:30:52 +0000",2026-08-08T23:58:20.034629,en,"Zamalek and Juan Bezerra are in a dispute over his potential move to Shabab Al Ahli, with the winger alleging a broken sale agreement. Bezerra issued a statement directly to Zamalek supporters on Thursday, without the involvement of his lawyer or media team. The Brazilian winger said he rejected significant offers late last year because […] The post Zamalek and Bezerra Clash Publicly Over Shabab A",https://www.kingfut.com/wp-content/uploads/2026/08/41_2026-639136783717310453-731.jpg,Ligue 1 🇫🇷,KingFut Africa Transfers,Bezerra Clash,,Al-Ahli,Non communiqué,RUMEUR 📰,Neutre,zamalekandbezerraclashpubliclyovershababalahlimove,Ligue 1 🇫🇷,International 🌍,0.0
Mohamed Salah Arrives in Trabzon After Signing Contract,https://www.kingfut.com/2026/08/05/mohamed-salah-signs-trabzonspor-contract/,"Wed, 05 Aug 2026 18:48:01 +0000",2026-08-08T23:58:20.035758,en,"Mohamed Salah has arrived in Trabzon after completing his medical and signing a contract with Trabzonspor, ahead of his public presentation. The Egypt captain landed at Trabzon Airport on Wednesday evening alongside club president Ertuğrul Doğan. Thousands of supporters gathered to welcome Salah, completing a day that began with a separate reception at Istanbul Atatürk […] The post Mohamed Salah A",https://www.kingfut.com/wp-content/uploads/2026/08/image-7-925x600.png,Ligue 1 🇫🇷,KingFut Africa Transfers,Mohamed Salah,Liverpool,Trabzonspor,Non communiqué,RUMEUR 📰,Neutre,mohamedsalaharrivesintrabzonaftersigningcontract,Ligue 1 🇫🇷,Égypte 🇪🇬,0.0
Trabzonspor Accept Salah Shirt Sales Clause Rejected by Beşiktaş,https://www.kingfut.com/2026/08/05/trabzonspor-accept-salah-shirt-sales-clause-rejected-by-besiktas/,"Wed, 05 Aug 2026 07:23:56 +0000",2026-08-08T23:58:20.039723,en,"Trabzonspor president Ertuğrul Doğan has confirmed that Mohamed Salah’s proposed contract includes a share of shirt sales. Doğan revealed the clause during an interview with A Spor after Trabzonspor officially announced negotiations with the 34-year-old free agent. “There has been a lot of talk about the percentage from shirt sales,” Doğan said. “We are giving […] The post Trabzonspor Accept Salah",https://www.kingfut.com/wp-content/uploads/2026/03/image-21-1000x600.png,Ligue 1 🇫🇷,KingFut Africa Transfers,Mohamed Salah,Trabzonspor,Beşiktaş,Non communiqué,RUMEUR 📰,Neutre,trabzonsporacceptsalahshirtsalesclauserejectedbybeşiktaş,Ligue 1 🇫🇷,Égypte 🇪🇬,0.0
Trabzonspor Officially Open Mohamed Salah Transfer Talks,https://www.kingfut.com/2026/08/04/trabzonspor-officially-open-mohamed-salah-transfer-talks/,"Tue, 04 Aug 2026 20:58:40 +0000",2026-08-08T23:58:20.042312,en,"Trabzonspor have officially opened negotiations to sign Egypt captain Mohamed Salah, the Turkish club announced on Tuesday. The Süper Lig side issued a brief public announcement confirming their first formal move for the 34-year-old forward. “Negotiations have begun regarding the transfer of professional footballer Mohamed Salah to our club,” Trabzonspor said. So far, reports have […] The post Tra",https://www.kingfut.com/wp-content/uploads/2026/08/image-5-1000x600.png,Ligue 1 🇫🇷,KingFut Africa Transfers,Mohamed Salah,Liverpool,Trabzonspor,Non communiqué,OFFICIEL ✅,Neutre,trabzonsporofficiallyopenmohamedsalahtransfertalks,Ligue 1 🇫🇷,Égypte 🇪🇬,0.0
Juan Bezerra Asks Zamalek to Discuss Shabab Al Ahli Offer,https://www.kingfut.com/2026/08/04/juan-bezerra-asks-zamalek-to-discuss-shabab-al-ahli-offer/,"Tue, 04 Aug 2026 13:16:02 +0000",2026-08-08T23:58:20.043376,en,Juan Bezerra has reportedly informed Zamalek that he wants to leave and asked the club to discuss Shabab Al Ahli’s offer for the Brazilian. Bezerra has notified Zamalek of his desire to end his spell in Cairo and consider the Emirati proposal from Shabab Al Ahli. The Brazilian winger remains determined to leave despite attempts […] The post Juan Bezerra Asks Zamalek to Discuss Shabab Al Ahli Offer,https://www.kingfut.com/wp-content/uploads/2026/08/image-4-1000x600.png,Ligue 1 🇫🇷,KingFut Africa Transfers,Juan Bezerra,,Al-Ahli,Non communiqué,RUMEUR 📰,Neutre,juanbezerraaskszamalektodiscussshababalahlioffer,Ligue 1 🇫🇷,International 🌍,0.0
Zamalek and Seifeddine Jaziri Part Ways by Mutual Consent,https://www.kingfut.com/2026/08/03/zamalek-and-seifeddine-jaziri-part-ways-by-mutual-consent/,"Mon, 03 Aug 2026 20:10:34 +0000",2026-08-08T23:58:20.047706,en,"Zamalek have terminated their contract with Seifeddine Jaziri by mutual consent, ending the Tunisian striker’s five and a half year spell. The White Knights announced the agreement on Monday, describing the separation as entirely amicable. Zamalek did not disclose the financial terms of the settlement, but Jaziri’s contract had been due to run until June […] The post Zamalek and Seifeddine Jaziri ",https://www.kingfut.com/wp-content/uploads/2026/08/image-3-1000x600.png,Premier League 🏴󠁧󠁢󠁥󠁮󠁧󠁿,KingFut Africa Transfers,Seifeddine Jaziri,,,Non communiqué,RUMEUR 📰,Neutre,zamalekandseifeddinejaziripartwaysbymutualconsent,Premier League 🏴󠁧󠁢󠁥󠁮󠁧󠁿,International 🌍,0.0
Nordsjælland End Mostafa Shobeir Pursuit After Al Ahly Rebuff,https://www.kingfut.com/2026/08/03/nordsjaelland-end-mostafa-shobeir-pursuit-after-al-ahly-rebuff/,"Mon, 03 Aug 2026 13:57:01 +0000",2026-08-08T23:58:20.049018,en,FC Nordsjælland have reportedly ended their pursuit of Al Ahly goalkeeper Mostafa Shobeir after their proposed financial package was rejected. The Danish Superliga side explored a move through Shobeir’s representatives but did not return with an improved proposal after Al Ahly made clear that they intended to keep the 26-year-old. The Cairo giants rejected Nordsjælland’s […] The post Nordsjælland ,https://www.kingfut.com/wp-content/uploads/2026/08/image-2-1000x600.png,Ligue 1 🇫🇷,KingFut Africa Transfers,Nordsjælland End,,,Non communiqué,RUMEUR 📰,Neutre,nordsjællandendmostafashobeirpursuitafteralahlyrebuff,Ligue 1 🇫🇷,International 🌍,0.0
Trabzonspor Reportedly Send Salah Contract to Representative,https://www.kingfut.com/2026/08/02/trabzonspor-reportedly-send-salah-contract-to-representative/,"Sat, 01 Aug 2026 22:03:52 +0000",2026-08-08T23:58:20.050189,en,"Trabzonspor have reportedly sent a proposed contract for Mohamed Salah to his agent Ramy Abbas and plan to complete the transfer this week. According to Turkish outlet Spor Depo, Trabzonspor delivered the official documents to the forward’s representative. “The mutual exchange of documents has officially begun,” the outlet said, adding that the parties would “put […] The post Trabzonspor Reportedl",https://www.kingfut.com/wp-content/uploads/2025/12/image-8-1000x600.png,Ligue 1 🇫🇷,KingFut Africa Transfers,Mohamed Salah,Liverpool,Trabzonspor,Non communiqué,RUMEUR 📰,Bullish,trabzonsporreportedlysendsalahcontracttorepresentative,Ligue 1 🇫🇷,Égypte 🇪🇬,0.0
"El mercado del fútbol europeo hoy EN VIVO: fichajes y salidas, minuto a minuto - Olé",https://news.google.com/rss/articles/CBMi4AFBVV95cUxNamxGNTNCMXljSEdON1J3VkczajRwLVU0Tlc2OFdXamhPRnRwN3dKaGllVkwyb0xYMjZISkZ0T2htRzl1VDJSMGtraXpMOVhaT2xSVFNQMklZR0N2LTdTbzRQNG54cjZhVW12cWJJeXJYR0ZDUXlEdjk4VGJUdWJUWHB6a29hTkhIUGdXeVdlYlEzdXhCbzFXdklwTHdtZWxsa1NOazNVUm1WUmw1SjlXNDlNblZCNFdDczFlZWNNUmE1bGd6R0hLQ3ZpcUJkeVdIdFVXamwxeWE5X2U5RVhGR9IB5gFBVV95cUxQMjNLWFFrWUdhTDlYejRPU2MzNUxORnlJaDdCUXlKZGdpMEFraUsxY0hDM1lTQjhzOGpfWGwtN3BpWDJpRmluLVFXWFFkUDVVcUJ1WkZ3Mnd2QUNDUzZEYnNGVGNybEY4S1VHcmtzZGNGZGRXUHVGYjBYazJwOC12QnpLbXVxVzhtclMxNlZzMUpPTVpQNS0yNG5GcjdHSmVSMFVkUmlyeUVGaS1hb1hRTmRjUTNLaEt6NFM3LVp1WS1KNUZxcjlLY051d01LTFRHeW1BaWIwRGpfX1lqWHJVWGpMeFBSUQ?oc=5,"Sat, 08 Aug 2026 16:27:09 GMT",2026-08-08T23:58:23.660341,es,"El mercado del fútbol europeo hoy EN VIVO: fichajes y salidas, minuto a minuto Olé",,Ligue 1 🇫🇷,Ole Mercado de Pases AR,Joueur Star,,,Non communiqué,RUMEUR 📰,Neutre,elmercadodelfútboleuropeohoyenvivofichajesysalidasminutoamin,Ligue 1 🇫🇷,International 🌍,0.0
Cambio de rumbo: Mastantuono se gana a Mourinho y abre una puerta para seguir en el Madrid - Olé,https://news.google.com/rss/articles/CBMi8gFBVV95cUxPcUVRekZYQVFtenk5UlM0aHFNVFV3Rzh6azdKYU02aW1qUjVxb01VbDNFejlENjVRS1ZLVTh5MFJtUU4wNjYzdlJMQVdYNDlPa1IxZXhraXUxb19zbU5abHEyMExuSlVzWU5RdndKT2F4ODRkVGoxV25qTmxOUGktRU5zTWVfTHJTWWtXUDVqNmxGZ3lHX0NYUm0wai1pS0F3eFR5eElOeUo0V0piVkNaTnQ0N25lTWE3clE4dERiVnlwUU9UcUxhWVBCV2lmWnZkRklubm5haFNZME5YcGFRNngtdkxXOXU3WFVseDhURFFqdw?oc=5,"Sat, 08 Aug 2026 08:54:54 GMT",2026-08-08T23:58:23.660888,es,Cambio de rumbo: Mastantuono se gana a Mourinho y abre una puerta para seguir en el Madrid Olé,,Ligue 1 🇫🇷,Ole Mercado de Pases AR,José Mourinho,Fenerbahçe,,Non communiqué,RUMEUR 📰,Neutre,cambioderumbomastantuonoseganaamourinhoyabreunapuertaparaseg,Ligue 1 🇫🇷,Portugal 🇵🇹,0.0
Real Madrid avanza por Rodri: qué falta para cerrar su fichaje - Olé,https://news.google.com/rss/articles/CBMirgJBVV95cUxOc0FRVlpwaE1lZnhTZHdEeWJWR1VrWEtrVnIzb3R2cXV0Y2JXOE1jbTFSc1I2c0dzM0dvRXBYZFJ0c3dramd0WFIwM3V1YmZMbnNyNTluMWlqZWJhTjRYZGdhYndFZFI4ckpYVi1QaFFIQ3lNaHp6TmhNVUozMWFsSENMbDduMG9ackFSSmM1NHRQdmFiQnNXNU5PSG9JcDAxRGQ3OTlCTDR5UG4zcG1wZjBsdFBkMm9iemtXWkExTGxSLUJDWVNJOU9NaVRlNWRtTElTVkktRzBmeUVQc05qYzN2eUtkRXpObWNOT2RoMF9aUDl1Q3dNOVZIRURVaF9KbXVndGlndkljUWY3OW82V2F1VWpnOEJWaUtTNDV5bDdkRUwtbHFla21mdnZ5UQ?oc=5,"Sat, 08 Aug 2026 07:36:05 GMT",2026-08-08T23:58:23.668298,es,Real Madrid avanza por Rodri: qué falta para cerrar su fichaje Olé,,La Liga 🇪🇸,Ole Mercado de Pases AR,Rodri,Manchester City,Real Madrid,Non communiqué,RUMEUR 📰,Neutre,realmadridavanzaporrodriquéfaltaparacerrarsufichajeolé,La Liga 🇪🇸,Espagne 🇪🇸,0.0
Oficial: Valentín Barco es nuevo jugador del Chelsea - Olé,https://news.google.com/rss/articles/CBMitgFBVV95cUxOU3p2dlVacWJIbDFQMDlOM0YyQkczTGlBY0k3dFFPazR3WjdJeUI2NktIdXJjbnBaLVdqS2RkVjZRY1BmSTAwZ2Z0Vng5V0t1VGtPR1VRR0lucHhjc0JpeVA3NGUyMWVWNGh3eFpNbmk0UFZRR0Z2cVBtNjhsWU9jMGhzMFlJSXVIR01iaHVLSmQ2Qnh4V2UxUjg0VlBwaks2NmNCN0JWYkxSYTY2RlBJdTVNRDhFUQ?oc=5,"Sat, 08 Aug 2026 09:34:55 GMT",2026-08-08T23:58:23.671026,es,Oficial: Valentín Barco es nuevo jugador del Chelsea Olé,,Premier League 🏴󠁧󠁢󠁥󠁮󠁧󠁿,Ole Mercado de Pases AR,Valentín Barco,,Chelsea,Non communiqué,RUMEUR 📰,Neutre,oficialvalentínbarcoesnuevojugadordelchelseaolé,Premier League 🏴󠁧󠁢󠁥󠁮󠁧󠁿,International 🌍,0.0
"Celta, Giraldez: ""Primi 20' loro e 2T noi, contento per i giovani al debutto""",https://www.tuttonapoli.net/le-interviste/celta-giraldez-primi-20-2t-noi-contento-giovani-debutto-652997,"Sun, 09 Aug 2026 01:40:55 +0200",2026-08-08T23:58:32.655496,it,"Pareggio prestigioso per il Celta Vigo contro il Napoli a Castel di Sangro. Nel post-partita ne ha parlato il tecnico degli spagnoli, Claudio Giráldez: ""Una partita molto impegnativa contro un avversario di Champions.",https://net-storage-auto.tcccdn.com/storage/tuttonapoli.net/img_notizie/thumb3/45/45d04f9b89afb5f809729a813b3da004-31425-oooz0000.jpeg,Ligue 1 🇫🇷,TuttoNapoli Napoli,Joueur Star,,Napoli,Non communiqué,RUMEUR 📰,Neutre,celtagiraldezprimi20loroe2tnoicontentoperigiovanialdebutto,Ligue 1 🇫🇷,International 🌍,0.0
"Genoa, altro ko verso il Napoli: 1-0 col Deportivo La Coruna, le scelte di De Rossi",https://www.tuttonapoli.net/serie-a/genoa-ko-napoli-1-0-deportivo-coruna-scelte-de-rossi-652995,"Sun, 09 Aug 2026 01:15:34 +0200",2026-08-08T23:58:32.655885,it,"Il Genoa perde in amichevole anche nel Trofeo Spagnolo contro il Deportivo La Coruna e conferma, dopo la figuraccia di qualche giorno fa, che c'è ancora molto lavoro da fare in campo e sul mercato.",https://net-storage-auto.tcccdn.com/storage/tuttonapoli.net/img_notizie/thumb3/16/1675d76d6852c8357e03b3c22283ac91-89885-oooz0000.jpeg,Ligue 1 🇫🇷,TuttoNapoli Napoli,Deportivo La,,Napoli,Non communiqué,RUMEUR 📰,Neutre,genoaaltrokoversoilnapoli10coldeportivolacorunalesceltedider,Ligue 1 🇫🇷,International 🌍,0.0
"Napoli-Celta, Del Genio: ""Prendiamoci il buono dei primi 30'. Lang il migliore nel 2T""",https://www.tuttonapoli.net/le-interviste/napoli-celta-genio-prendiamoci-primi-30-lang-migliore-2t-652993,"Sun, 09 Aug 2026 00:55:01 +0200",2026-08-08T23:58:32.656265,it,"Il Napoli non va oltre il pareggio per 1-1 contro il Celta Vigo nel quarto test estivo, il secondo a Castel di Sangro.",https://net-storage-auto.tcccdn.com/storage/tuttonapoli.net/img_notizie/thumb3/75/7557041ecaa1688fa80f49d8465b5c8d-51302-oooz0000.jpeg,Ligue 1 🇫🇷,TuttoNapoli Napoli,Del Genio,,Napoli,Non communiqué,RUMEUR 📰,Neutre,napoliceltadelgenioprendiamociilbuonodeiprimi30langilmiglior,Ligue 1 🇫🇷,International 🌍,0.0
"Radio Tutto Napoli, il palinsesto di oggi: le trasmissioni partiranno alle 10",https://www.tuttonapoli.net/radio-tn/radio-napoli-palinsesto-oggi-trasmissioni-partiranno-10-647875,"Sun, 09 Aug 2026 00:30:51 +0200",2026-08-08T23:58:32.656476,it,Radio Tutto Napoli vi accompagna anche nel week-end con tutti gli aggiornamenti e tanti ospiti.,https://net-storage-auto.tcccdn.com/storage/tuttonapoli.net/img_notizie/thumb3/42/421094117ac3b8535d0a70a9b8be3e36-45223-258o324o1086o1152z0b04.jpeg,Ligue 1 🇫🇷,TuttoNapoli Napoli,Radio Tutto,,Napoli,Non communiqué,RUMEUR 📰,Neutre,radiotuttonapoliilpalinsestodioggiletrasmissionipartirannoal,Ligue 1 🇫🇷,International 🌍,0.0
"Lukaku-Fenerbahçe, Romano: ""Trattativa serrata, si può chiudere a 7-8 milioni""",https://www.tuttonapoli.net/calciomercato-napoli/lukaku-fenerbahce-romano-trattativa-serrata-chiudere-7-8-milioni-652992,"Sun, 09 Aug 2026 00:10:51 +0200",2026-08-08T23:58:32.656837,it,Il futuro di Romelu Lukaku potrebbe essere sempre più vicino al Fenerbahçe.,https://net-storage-auto.tcccdn.com/storage/tuttonapoli.net/img_notizie/thumb3/1f/1f1731c44ccf7fe9d8a137f80d98deba-84271-oooz0000.jpeg,Ligue 1 🇫🇷,TuttoNapoli Napoli,Romelu Lukaku,Napoli,Fenerbahçe,Non communiqué,NEGOCIATION 💬,Neutre,lukakufenerbahçeromanotrattativaserratasipuòchiuderea78milio,Ligue 1 🇫🇷,Belgique 🇧🇪,0.0
"Napoli-Celta Vigo 1-1, gol e sintesi del 2° test internazionale a Castel di Sangro: gli highlights",https://www.tuttonapoli.net/ritiro-napoli/napoli-celta-vigo-1-1-gol-sintesi-2-test-internazionale-castel-sangro-highlights-652991,"Sat, 08 Aug 2026 23:55:10 +0200",2026-08-08T23:58:32.657066,it,"Termina 1-1 tra Napoli e Celta Vigo, la seconda amichevole disputata allo stadio Teofilo Patini durante il ritiro di Castel di Sangro.",https://net-storage-auto.tcccdn.com/storage/tuttonapoli.net/img_notizie/thumb3/9e/9e142c0d15ab9fe5a54b7a50fd42e052-30135-oooz0000.jpeg,Ligue 1 🇫🇷,TuttoNapoli Napoli,Celta Vigo,Napoli,Inter Milan,Non communiqué,RUMEUR 📰,Neutre,napoliceltavigo11golesintesidel2testinternazionaleacasteldis,Ligue 1 🇫🇷,International 🌍,0.0
"Calciomercato Napoli, il Como si muove per Esposito: nell'affare col Cagliari un giocatore",https://www.tuttonapoli.net/calciomercato-napoli/accostato-napoli-como-muove-esposito-trattativa-cagliari-giocatore-652978,"Sat, 08 Aug 2026 23:50:59 +0200",2026-08-08T23:58:32.657260,it,Il futuro di Sebastiano Esposito potrebbe essere definito nelle prossime settimane.,https://net-storage-auto.tcccdn.com/storage/tuttonapoli.net/img_notizie/thumb3/e0/e07e36f84b781bdb3e938738de5c1128-79982-oooz0000.jpeg,Ligue 1 🇫🇷,TuttoNapoli Napoli,Calciomercato Napoli,,Napoli,Non communiqué,RUMEUR 📰,Neutre,calciomercatonapoliilcomosimuoveperespositonellaffarecolcagl,Ligue 1 🇫🇷,International 🌍,0.0
"Lukaku-Fenerbahçe, dalla Turchia: l'agente tratta col Napoli per chiudere",https://www.tuttonapoli.net/calciomercato-napoli/lukaku-fenerbahce-turchia-agente-tratta-napoli-chiudere-652990,"Sat, 08 Aug 2026 23:40:29 +0200",2026-08-08T23:58:32.661909,it,Romelu Lukaku si avvicina al Fenerbahçe.,https://net-storage-auto.tcccdn.com/storage/tuttonapoli.net/img_notizie/thumb3/1f/1f1731c44ccf7fe9d8a137f80d98deba-84271-oooz0000.jpeg,Ligue 1 🇫🇷,TuttoNapoli Napoli,Romelu Lukaku,Napoli,Fenerbahçe,Non communiqué,RUMEUR 📰,Neutre,lukakufenerbahçedallaturchialagentetrattacolnapoliperchiuder,Ligue 1 🇫🇷,Belgique 🇧🇪,0.0
"Rinnovo Anguissa, Schira: ""Colloqui in corso, primi negoziati positivi!""",https://www.tuttonapoli.net/calciomercato-napoli/rinnovo-anguissa-schira-colloqui-corso-negoziati-positivi-652989,"Sat, 08 Aug 2026 23:35:38 +0200",2026-08-08T23:58:32.662179,it,"Il Napoli si muove per blindare Frank Zambo Anguissa, il cui attuale contratto è in scadenza nel giugno 2027.",https://net-storage-auto.tcccdn.com/storage/tuttonapoli.net/img_notizie/thumb3/ac/ac2440010a31ad40d5774c1850793bf1-58960-oooz0000.jpeg,Ligue 1 🇫🇷,TuttoNapoli Napoli,Rinnovo Anguissa,,Napoli,Non communiqué,RUMEUR 📰,Neutre,rinnovoanguissaschiracolloquiincorsopriminegoziatipositivi,Ligue 1 🇫🇷,International 🌍,0.0
"Di Lorenzo a Sky: ""Siamo forti, vogliamo un grande campionato! Fare l'allenatore? Mi intriga""",https://www.tuttonapoli.net/in-primo-piano/lorenzo-sky-652988,"Sat, 08 Aug 2026 23:25:38 +0200",2026-08-08T23:58:32.662435,it,"Al termine del test amichevole pareggiato 1-1 contro il Celta Vigo, il capitano del Napoli Giovanni Di Lorenzo è intervenuto ai microfoni di Sky Sport.",https://net-storage-auto.tcccdn.com/storage/tuttonapoli.net/img_notizie/thumb3/60/60e2087f60bedf727c78cd1a8b469753-79576-oooz0000.jpeg,Ligue 1 🇫🇷,TuttoNapoli Napoli,Giovanni Di Lorenzo,Napoli,,Non communiqué,RUMEUR 📰,Neutre,dilorenzoaskysiamofortivogliamoungrandecampionatofarelallena,Ligue 1 🇫🇷,Italie 🇮🇹,0.0
"Lukaku-Fenerbahce, ore decisive: distanza sulle cifre",https://www.tuttonapoli.net/calciomercato-napoli/lukaku-fenerbahce-offerta-ufficiale-napoli-distanza-cifre-652987,"Sat, 08 Aug 2026 23:15:28 +0200",2026-08-08T23:58:32.662668,it,"Ore importanti per il futuro di Romelu Lukaku, sempre più al centro del mercato in uscita del Napoli.",https://net-storage-auto.tcccdn.com/storage/tuttonapoli.net/img_notizie/thumb3/13/134459ba88e5be038dd0d30bf9b0296c-25248-oooz0000.jpeg,Ligue 1 🇫🇷,TuttoNapoli Napoli,Romelu Lukaku,Napoli,Fenerbahçe,Non communiqué,RUMEUR 📰,Neutre,lukakufenerbahceoredecisivedistanzasullecifre,Ligue 1 🇫🇷,Belgique 🇧🇪,0.0
"Tegola Marianucci, infortunio al ginocchio sinistro: la prima diagnosi",https://www.tuttonapoli.net/in-primo-piano/tegola-napoli-infortunio-marianucci-celta-vigo-trauma-ginocchio-sinistro-652986,"Sat, 08 Aug 2026 23:08:40 +0200",2026-08-08T23:58:32.662934,it,Brutte notizie per il Napoli nel corso della ripresa dell'amichevole pareggiata 1-1 contro il Celta Vigo a Castel di Sangro.,https://net-storage-auto.tcccdn.com/storage/tuttonapoli.net/img_notizie/thumb3/3e/3edeb9906fb4e0fb07700b5c66828044-77194-oooz0000.jpeg,Ligue 1 🇫🇷,TuttoNapoli Napoli,Tegola Marianucci,,Napoli,Non communiqué,RUMEUR 📰,Neutre,tegolamarianucciinfortunioalginocchiosinistrolaprimadiagnosi,Ligue 1 🇫🇷,International 🌍,0.0
"Napoli-Celta Vigo 1-1, le pagelle: 30' positivi, Di Lorenzo il migliore e bene la difesa",https://www.tuttonapoli.net/in-primo-piano/napoli-celta-vigo-1-1-pagelle-azzurri-fasi-alterne-lorenzo-migliore-652982,"Sat, 08 Aug 2026 23:00:18 +0200",2026-08-08T23:58:32.663146,it,"Terminato il quarto test del Napoli, il secondo nel ritiro di Castel di Sangro 2026.",https://net-storage-auto.tcccdn.com/storage/tuttonapoli.net/img_notizie/thumb3/2f/2f5964add8eda4b1871ad2fc8a9516a2-82887-oooz0000.jpeg,Ligue 1 🇫🇷,TuttoNapoli Napoli,Giovanni Di Lorenzo,Napoli,,Non communiqué,RUMEUR 📰,Neutre,napoliceltavigo11lepagelle30positividilorenzoilmiglioreebene,Ligue 1 🇫🇷,Italie 🇮🇹,0.0
"Diretta Napoli-Celta Vigo 1-1, (Di Lorenzo 11', Jutgla 65') un pasticcio Meret-De Bruyne nega la vittoria agli azzurri",https://www.tuttonapoli.net/in-primo-piano/diretta-napoli-celta-vigo-pre-partita-probabili-scelte-allegri-652970,"Sat, 08 Aug 2026 22:57:24 +0200",2026-08-08T23:58:32.667011,it,"22.57 - FINISCE QUI! Terminato il quarto test del Napoli, il secondo nel ritiro di Castel di Sangro 2026.",https://net-storage-auto.tcccdn.com/storage/tuttonapoli.net/img_notizie/thumb3/20/20c1dfd4740da9d6a24b833887490733-71907-oooz0000.jpeg,Ligue 1 🇫🇷,TuttoNapoli Napoli,Giovanni Di Lorenzo,Napoli,,Non communiqué,RUMEUR 📰,Neutre,direttanapoliceltavigo11dilorenzo11jutgla65unpasticciomeretd,Ligue 1 🇫🇷,Italie 🇮🇹,0.0
"Napoli-Celta Vigo, secondo tempo di sofferenza: pasticcio Meret-KDB e 1-1",https://www.tuttonapoli.net/notizie/napoli-celta-vigo-sofferenza-pasticcio-meret-kdb-1-1-652985,"Sat, 08 Aug 2026 22:38:01 +0200",2026-08-08T23:58:32.667478,it,Secondo tempo del Napoli non all'altezza del primo. Al 65' è arrivato il pareggio del Celta Vigo.,https://net-storage-auto.tcccdn.com/storage/tuttonapoli.net/img_notizie/thumb3/52/52351b733db136ac0503deabaef0c077-32364-oooz0000.jpeg,Ligue 1 🇫🇷,TuttoNapoli Napoli,Celta Vigo,,Napoli,Non communiqué,RUMEUR 📰,Neutre,napoliceltavigosecondotempodisofferenzapasticciomeretkdbe11,Ligue 1 🇫🇷,International 🌍,0.0
"Napoli-Celta Vigo, buon primo tempo: decide Di Lorenzo al 45'",https://www.tuttonapoli.net/ritiro-napoli/napoli-celta-vigo-buon-tempo-decide-lorenzo-45-652984,"Sat, 08 Aug 2026 21:48:01 +0200",2026-08-08T23:58:32.667773,it,"Buon primo tempo del Napoli, soprattutto nella fase iniziale della gara, chiudendo in vantaggio per 1-0 al 45'. Decide per ora la rete realizzata da Giovanni Di Lorenzo, di testa su situazione di palla inattiva su una punizione dalla sinistra.",https://net-storage-auto.tcccdn.com/storage/tuttonapoli.net/img_notizie/thumb3/85/8544545ed14fea8aaa637d66c5ad0757-97245-oooz0000.jpeg,Ligue 1 🇫🇷,TuttoNapoli Napoli,Giovanni Di Lorenzo,Napoli,,Non communiqué,RUMEUR 📰,Neutre,napoliceltavigobuonprimotempodecidedilorenzoal45,Ligue 1 🇫🇷,Italie 🇮🇹,0.0
"Roma ko, Gasperini alza la voce: ""Gara pessima, sul mercato manca qualcosa""",https://www.tuttonapoli.net/serie-a/gasperini-partita-pessima-brighton-manca-mercato-652976,"Sat, 08 Aug 2026 21:00:53 +0200",2026-08-08T23:58:32.668139,it,"(ANSA) - ROMA, 08 AGO - ""E' stata una pessima partita, indubbiamente. Abbiamo fatto una brutta prestazione.",https://net-storage-auto.tcccdn.com/storage/tuttonapoli.net/img_notizie/thumb3/b2/b2755d90908534eeca40a380a1465829-75877-oooz0000.jpeg,Ligue 1 🇫🇷,TuttoNapoli Napoli,Joueur Star,,AS Roma,Non communiqué,RUMEUR 📰,Neutre,romakogasperinialzalavocegarapessimasulmercatomancaqualcosa,Ligue 1 🇫🇷,International 🌍,0.0
"Napoli-Celta Vigo, corteo ultras al Patini: striscioni contro ADL e messaggio alla squadra",https://www.tuttonapoli.net/ritiro-napoli/napoli-celta-vigo-corteo-ultras-patini-striscioni-adl-messaggio-squadra-652983,"Sat, 08 Aug 2026 20:50:19 +0200",2026-08-08T23:58:32.668343,it,Corteo dei tifosi organizzati del Napoli a Castel di Sangro in direzione dello stadio Teofilo Patini.,https://net-storage-auto.tcccdn.com/storage/tuttonapoli.net/img_notizie/thumb3/8a/8a354b9e2fe8138aa9276b07367c148c-02213-oooz0000.jpeg,Ligue 1 🇫🇷,TuttoNapoli Napoli,Celta Vigo,,Napoli,Non communiqué,RUMEUR 📰,Neutre,napoliceltavigocorteoultrasalpatinistriscionicontroadlemessa,Ligue 1 🇫🇷,International 🌍,0.0
"Napoli-Celta Vigo, De Bruyne parte dalla panchina: Neres e Beukema ancora out",https://www.tuttonapoli.net/ritiro-napoli/napoli-celta-vigo-de-bruyne-panchina-neres-beukema-out-652981,"Sat, 08 Aug 2026 20:40:20 +0200",2026-08-08T23:58:32.668708,it,"Novità di formazione per il Napoli in vista dell'amichevole contro il Celta Vigo, secondo test internazionale del ritiro di Castel di Sangro.",https://net-storage-auto.tcccdn.com/storage/tuttonapoli.net/img_notizie/thumb3/ad/ad53c1cfbcc0bb29c5c02397f64f69e2-70691-606o120o1302o816z0b1c.jpeg,Ligue 1 🇫🇷,TuttoNapoli Napoli,Kevin De Bruyne,Napoli,Inter Milan,Non communiqué,RUMEUR 📰,Neutre,napoliceltavigodebruynepartedallapanchinaneresebeukemaancora,Ligue 1 🇫🇷,Belgique 🇧🇪,0.0
"Napoli-Celta Vigo, ospite speciale al Patini: a bordocampo c'è Maradona Jr",https://www.tuttonapoli.net/ritiro-napoli/napoli-celta-vigo-ospite-speciale-patini-bordocampo-maradona-jr-652980,"Sat, 08 Aug 2026 20:25:31 +0200",2026-08-08T23:58:32.674944,it,Tutto pronto allo stadio Teofilo Patini di Castel di Sangro per la seconda amichevole internazionale del Napoli nel ritiro precampionato in Abruzzo.,https://net-storage-auto.tcccdn.com/storage/tuttonapoli.net/img_notizie/thumb3/e4/e484228c24d997b132c45c8232f4b704-22437-oooz0000.jpeg,Ligue 1 🇫🇷,TuttoNapoli Napoli,Celta Vigo,Napoli,Inter Milan,Non communiqué,RUMEUR 📰,Neutre,napoliceltavigoospitespecialealpatiniabordocampocèmaradonajr,Ligue 1 🇫🇷,International 🌍,0.0
OFFICIEL : Kylian Mbappé rejoint le Real Madrid pour 5 ans (Libre),https://news.google.com/search?q=Mbapp%C3%A9+Real+Madrid+officiel&hl=fr,2024-06-03,2024-06-03T18:00:00Z,fr,"Après 7 saisons au PSG, Kylian Mbappé signe gratuitement au Real Madrid. Prime à la signature estimée à 100M€.",,La Liga 🇪🇸,L'Équipe Mercato,Kylian Mbappé,Real Madrid,PSG,100M€,OFFICIEL ✅,Bullish,officielkylianmbappérejointlerealmadridpour5anslibre,La Liga 🇪🇸,France 🇫🇷,100.0
OFFICIEL : Cristiano Ronaldo signe un contrat historique avec Al-Nassr,https://news.google.com/search?q=Ronaldo+Al+Nassr&hl=fr,2022-12-30,2022-12-30T18:00:00Z,fr,CR7 rejoint l'Arabie Saoudite avec un contrat monumental évalué à 200M€ par an.,,Saudi Pro League 🇸🇦,Saudi Pro League News,Cristiano Ronaldo,Al-Nassr,,200M€,OFFICIEL ✅,Bullish,officielcristianoronaldosigneuncontrathistoriqueavecalnassr,Saudi Pro League 🇸🇦,Portugal 🇵🇹,200.0
OFFICIEL : Neymar Jr transféré à Al-Hilal pour 90M€,https://news.google.com/search?q=Neymar+Al+Hilal&hl=fr,2023-08-15,2023-08-15T18:00:00Z,fr,Neymar quitte le PSG pour l'Arabie Saoudite. Un transfert de 90M€ qui secoue le mercato mondial.,,Ligue 1 🇫🇷,Saudi Pro League News,Neymar,Al-Hilal,PSG,90M€,OFFICIEL ✅,Neutre,officielneymarjrtransféréàalhilalpour90m,Ligue 1 🇫🇷,Brésil 🇧🇷,90.0
RUMEUR : Rafael Leão ciblé par le PSG pour remplacer Mbappé (175M€),https://news.google.com/search?q=Rafael+Leao+PSG&hl=fr,2024-02-10,2024-02-10T10:00:00Z,fr,Le Milan AC pourrait céder son attaquant star si la clause libératoire de 175M€ est payée.,,Ligue 1 🇫🇷,Gazzetta dello Sport Mercato,Kylian Mbappé,Real Madrid,PSG,175M€,RUMEUR 📰,Neutre,rumeurrafaelleãocibléparlepsgpourremplacermbappé175m,Ligue 1 🇫🇷,France 🇫🇷,175.0
OFFICIEL : Sandro Tonali quitte le Milan pour Newcastle (70M€),https://news.google.com/search?q=Tonali+Newcastle&hl=en,2023-07-03,2023-07-03T12:00:00Z,en,"Transfert record pour un joueur italien, Tonali rejoint la Premier League.",,Premier League 🏴󠁧󠁢󠁥󠁮󠁧󠁿,Football Italia,Sandro Tonali,,Newcastle,70M€,OFFICIEL ✅,Bullish,officielsandrotonaliquittelemilanpournewcastle70m,Premier League 🏴󠁧󠁢󠁥󠁮󠁧󠁿,International 🌍,70.0
HERE WE GO : Lamine Yamal prolonge au FC Barcelone avec une clause à 1 Milliard €,https://news.google.com/search?q=Lamine+Yamal+Barcelone+prolongation&hl=fr,2026-07-15,2026-07-15T10:30:00Z,fr,Le FC Barcelone sécurise son prodige Lamine Yamal jusqu'en 2031 avec un salaire revalorisé à hauteur de son statut de star mondiale.,,La Liga 🇪🇸,Foot Mercato,Lamine Yamal,FC Barcelone,FC Barcelone,Non communiqué,OFFICIEL ✅,Bullish,herewegolamineyamalprolongeaufcbarceloneavecuneclauseà1milli,La Liga 🇪🇸,Espagne 🇪🇸,0.0
OFFICIEL : Erling Haaland prolonge à Manchester City jusqu'en 2030 (Accord à 25M€/an),https://news.google.com/search?q=Haaland+Manchester+City+prolongation+2030&hl=en,2026-06-20,2026-06-20T14:00:00Z,en,Manchester City blinde son meilleur buteur Erling Haaland avec un nouveau bail XXL sans clause libératoire active pour le Real.,,Premier League 🏴󠁧󠁢󠁥󠁮󠁧󠁿,Sky Sports Transfer Centre,Erling Haaland,Manchester City,Manchester City,25M€,OFFICIEL ✅,Bullish,officielerlinghaalandprolongeàmanchestercityjusquen2030accor,Premier League 🏴󠁧󠁢󠁥󠁮󠁧󠁿,Norvège 🇳🇴,25.0
NÉGOCIATION : Victor Osimhen ciblé par le PSG et Al-Hilal pour un transfert à 110M€,https://news.google.com/search?q=Osimhen+PSG+transfert+110M&hl=fr,2026-08-01,2026-08-01T12:00:00Z,fr,Naples négocie les derniers détails avec le PSG pour la vente de l'attaquant nigérian Victor Osimhen contre 110M€.,,Ligue 1 🇫🇷,RMC Sport Mercato,Victor Osimhen,PSG,Al-Hilal,110M€,NEGOCIATION 💬,Neutre,négociationvictorosimhencibléparlepsgetalhilalpouruntransfer,Ligue 1 🇫🇷,Nigéria 🇳🇬,110.0
RUMEUR : Florian Wirtz dans le viseur du Real Madrid et du Bayern pour 2026 (130M€),https://news.google.com/search?q=Wirtz+Real+Madrid+transfert+130M&hl=es,2026-08-04,2026-08-04T09:15:00Z,es,Le Bayer Leverkusen réclame 130 millions d'euros pour céder sa pépite allemande Florian Wirtz l'été prochain.,,La Liga 🇪🇸,Marca Fichajes,Florian Wirtz,Real Madrid,Bayern Munich,130M€,RUMEUR 📰,Neutre,rumeurflorianwirtzdansleviseurdurealmadridetdubayernpour2026,La Liga 🇪🇸,Allemagne 🇩🇪,130.0
RUMEUR : Liverpool négocie l'arrivée de Ronald Araújo en provenance du FC Barcelone pour 80M€,https://news.google.com/search?q=Ronald+Araujo+Liverpool+transfer+Barca&hl=en,2026-08-06,2026-08-06T15:30:00Z,en,Liverpool prépare une offre colossale de 80M€ pour convaincre le FC Barcelone de céder son défenseur central uruguayen Ronald Araújo.,,Premier League 🏴󠁧󠁢󠁥󠁮󠁧󠁿,Sky Sports Transfer Centre,Ronald Araújo,FC Barcelone,Liverpool,80M€,RUMEUR 📰,Neutre,rumeurliverpoolnégocielarrivéederonaldaraújoenprovenancedufc,Premier League 🏴󠁧󠁢󠁥󠁮󠁧󠁿,Uruguay 🇺🇾,80.0
OFFICIEL : Nayef Aguerd rejoint la Real Sociedad en prêt de West Ham,https://news.google.com/search?q=Nayef+Aguerd+Real+Sociedad+officiel&hl=fr,2026-08-05,2026-08-05T11:00:00Z,fr,Le défenseur international marocain Nayef Aguerd s'engage avec la Real Sociedad sous forme de prêt sans option d'achat en provenance de West Ham.,,Premier League 🏴󠁧󠁢󠁥󠁮󠁧󠁿,L'Équipe Mercato,Nayef Aguerd,Real Sociedad,West Ham,prêt,OFFICIEL ✅,Neutre,officielnayefaguerdrejointlarealsociedadenprêtdewestham,Premier League 🏴󠁧󠁢󠁥󠁮󠁧󠁿,Maroc 🇲🇦,0.0
HERE WE GO : Viktor Gyökeres en route vers Arsenal pour 85M€,https://news.google.com/search?q=Viktor+Gyokeres+Arsenal+Here+We+Go&hl=en,2026-08-06,2026-08-06T18:45:00Z,en,Arsenal scelle un accord majeur avec le Sporting CP pour l’attaquant suédois Viktor Gyökeres contre 85M€.,,Premier League 🏴󠁧󠁢󠁥󠁮󠁧󠁿,CaughtOffside / Fabrizio Romano,Viktor Gyökeres,Sporting CP,Arsenal,85M€,HERE WE GO 🔥,Bullish,herewegoviktorgyökeresenrouteversarsenalpour85m,Premier League 🏴󠁧󠁢󠁥󠁮󠁧󠁿,Suède 🇸🇪,85.0
OFFICIEL : Jude Bellingham transféré du Borussia Dortmund au Real Madrid (103M€),https://news.google.com/search?q=Bellingham+Real+Madrid+103M+officiel&hl=es,2025-10-28,2025-10-28T21:00:00Z,es,"Transféré pour 103M€ du Borussia Dortmund au Real Madrid, Jude Bellingham valide l'un des plus grands transferts de la décennie.",,La Liga 🇪🇸,Marca Real Madrid,Jude Bellingham,Real Madrid,Borussia Dortmund,103M€,OFFICIEL ✅,Neutre,officieljudebellinghamtransféréduborussiadortmundaurealmadri,La Liga 🇪🇸,Angleterre 🏴󠁧󠁢󠁥󠁮󠁧󠁿,103.0
HERE WE GO : Viktor Gyökeres vers Arsenal pour 85M€ en provenance du Sporting Portugal,https://news.google.com/search?q=Gyokeres+Arsenal+85M&hl=en,2026-08-05,2026-08-05T15:45:00Z,en,Mikel Arteta tient son nouvel attaquant numéro 9. Arsenal et le Sporting ont trouvé un accord verbal pour 85 millions d'euros.,,Premier League 🏴󠁧󠁢󠁥󠁮󠁧󠁿,BBC Sport Football,Viktor Gyökeres,Sporting CP,Arsenal,85M€,HERE WE GO 🔥,Bullish,herewegoviktorgyökeresversarsenalpour85menprovenancedusporti,Premier League 🏴󠁧󠁢󠁥󠁮󠁧󠁿,Suède 🇸🇪,85.0
OFFICIEL : Cristiano Ronaldo prolonge à Al-Nassr jusqu'en juin 2027,https://news.google.com/search?q=Cristiano+Ronaldo+Al-Nassr+prolongation+2027&hl=en,2026-06-01,2026-06-01T11:00:00Z,en,Cristiano Ronaldo poursuivra son aventure en Arabie Saoudite avec un contrat battant tous les records financiers mondiaux.,,Ligue 1 🇫🇷,Saudi Pro League News,Cristiano Ronaldo,Al-Nassr,Al-Nassr,Non communiqué,OFFICIEL ✅,Bullish,officielcristianoronaldoprolongeàalnassrjusquenjuin2027,Ligue 1 🇫🇷,Portugal 🇵🇹,0.0
OFFICIEL : Julián Álvarez signe à l'Atlético de Madrid pour 95M€ en provenance de Man City,https://news.google.com/search?q=Julian+Alvarez+Atletico+Madrid+95M+officiel&hl=es,2024-08-12,2024-08-12T14:00:00Z,es,L'attaquant champion du monde argentin quitte Manchester City et s'engage avec les Colchoneros de Diego Simeone pour 95M€ bonus inclus.,,Premier League 🏴󠁧󠁢󠁥󠁮󠁧󠁿,Marca Fichajes,Julian Alvarez,Atlético de Madrid,Manchester City,95M€,OFFICIEL ✅,Bullish,officieljuliánálvarezsigneàlatléticodemadridpour95menprovena,Premier League 🏴󠁧󠁢󠁥󠁮󠁧󠁿,Argentine 🇦🇷,95.0
OFFICIEL : Declan Rice rejoint Arsenal pour un montant record de 116M€,https://news.google.com/search?q=Declan+Rice+Arsenal+116M+officiel&hl=en,2023-07-15,2023-07-15T10:00:00Z,en,Arsenal frappe un grand coup sur le marché anglais en recrutant le capitaine de West Ham Declan Rice contre 116 millions d'euros.,,Premier League 🏴󠁧󠁢󠁥󠁮󠁧󠁿,BBC Sport Football,Declan Rice,West Ham,Arsenal,116M€,OFFICIEL ✅,Bullish,officieldeclanricerejointarsenalpourunmontantrecordde116m,Premier League 🏴󠁧󠁢󠁥󠁮󠁧󠁿,Angleterre 🏴󠁧󠁢󠁥󠁮󠁧󠁿,116.0
OFFICIEL : Harry Kane s'engage au Bayern Munich pour 100M€,https://news.google.com/search?q=Harry+Kane+Bayern+Munich+100M+officiel&hl=en,2023-08-12,2023-08-12T09:00:00Z,en,Le capitaine des Three Lions Harry Kane quitte Tottenham après plus d'une décennie pour devenir le numéro 9 star du Bayern Munich.,,Premier League 🏴󠁧󠁢󠁥󠁮󠁧󠁿,Sky Sports Transfer Centre,Harry Kane,Bayern Munich,Tottenham,100M€,OFFICIEL ✅,Neutre,officielharrykanesengageaubayernmunichpour100m,Premier League 🏴󠁧󠁢󠁥󠁮󠁧󠁿,Angleterre 🏴󠁧󠁢󠁥󠁮󠁧󠁿,100.0
OFFICIEL : João Neves transféré au PSG pour 70M€ en provenance de Benfica,https://news.google.com/search?q=Joao+Neves+PSG+70M+officiel&hl=fr,2024-08-05,2024-08-05T16:30:00Z,fr,Le joyau portugais João Neves renforce l'entrejeu du Paris Saint-Germain dans le cadre d'un transfert à 70 millions d'euros.,,Ligue 1 🇫🇷,L'Équipe Mercato,João Neves,PSG,SL Benfica,70M€,OFFICIEL ✅,Neutre,officieljoãonevestransféréaupsgpour70menprovenancedebenfica,Ligue 1 🇫🇷,Portugal 🇵🇹,70.0
OFFICIEL : Michael Olise signe au Bayern Munich pour 60M€,https://news.google.com/search?q=Michael+Olise+Bayern+Munich+60M+officiel&hl=fr,2024-07-07,2024-07-07T12:00:00Z,fr,L'ailier de l'équipe de France Olympique Michael Olise quitte Crystal Palace pour rejoindre les géants bavarois contre 60 millions d'euros.,,Premier League 🏴󠁧󠁢󠁥󠁮󠁧󠁿,L'Équipe Mercato,Michael Olise,Bayern Munich,Crystal Palace,60M€,OFFICIEL ✅,Bullish,officielmichaelolisesigneaubayernmunichpour60m,Premier League 🏴󠁧󠁢󠁥󠁮󠁧󠁿,France 🇫🇷,60.0
OFFICIEL : Leny Yoro rejoint Manchester United pour 62M€,https://news.google.com/search?q=Leny+Yoro+Manchester+United+62M+officiel&hl=en,2024-07-18,2024-07-18T18:00:00Z,en,Manchester United devance le Real Madrid et officialise le recrutement du défenseur central du LOSC Leny Yoro pour 62 millions d'euros.,,Premier League 🏴󠁧󠁢󠁥󠁮󠁧󠁿,BBC Sport Football,Leny Yoro,Real Madrid,Manchester United,62M€,OFFICIEL ✅,Neutre,officiellenyyororejointmanchesterunitedpour62m,Premier League 🏴󠁧󠁢󠁥󠁮󠁧󠁿,International 🌍,62.0
OFFICIEL : Dani Olmo signe au FC Barcelone pour 55M€,https://news.google.com/search?q=Dani+Olmo+FC+Barcelone+55M+officiel&hl=es,2024-08-09,2024-08-09T11:00:00Z,es,Le champion d'Europe espagnol Dani Olmo retourne à son club formateur en provenance du RB Leipzig pour 55 millions d'euros.,,La Liga 🇪🇸,Marca Barcelona,Dani Olmo,FC Barcelone,RB Leipzig,55M€,OFFICIEL ✅,Bullish,officieldaniolmosigneaufcbarcelonepour55m,La Liga 🇪🇸,Espagne 🇪🇸,55.0
RUMEUR : Offre historique d'Al-Hilal de 350M€ pour Vinicius Jr,https://news.google.com/search?q=Vinicius+Jr+Al-Hilal+350M+offre+record&hl=en,2026-08-03,2026-08-03T19:00:00Z,en,Le club saoudien Al-Hilal préparerait une offre vertigineuse de 350 millions d'euros pour convaincre le Real Madrid de libérer Vinicius Jr.,,La Liga 🇪🇸,Saudi Pro League News,Vinicius Jr,Real Madrid,Al-Hilal,350M€,NEGOCIATION 💬,Neutre,rumeuroffrehistoriquedalhilalde350mpourviniciusjr,La Liga 🇪🇸,Brésil 🇧🇷,350.0
NÉGOCIATION : Jamal Musiala entre prolongation XXL au Bayern et approche de Manchester City (140M€),https://news.google.com/search?q=Jamal+Musiala+Manchester+City+Bayern+Munich+140M&hl=en,2026-08-02,2026-08-02T13:45:00Z,en,Pep Guardiola souhaite faire de Jamal Musiala le successeur désigné de Kevin De Bruyne avec une offre estimée à 140 millions d'euros.,,Premier League 🏴󠁧󠁢󠁥󠁮󠁧󠁿,Sky Sports Transfer Centre,Kevin De Bruyne,Manchester City,Bayern Munich,140M€,NEGOCIATION 💬,Bullish,négociationjamalmusialaentreprolongationxxlaubayernetapproch,Premier League 🏴󠁧󠁢󠁥󠁮󠁧󠁿,Belgique 🇧🇪,140.0
OFFICIEL : Achraf Hakimi prolonge son contrat au Paris Saint-Germain jusqu'en 2029,https://news.google.com/search?q=Achraf+Hakimi+PSG+prolongation+2029&hl=fr,2026-07-29,2026-07-29T15:00:00Z,fr,Le latéral droit marocain Achraf Hakimi scelle son avenir dans la capitale en signant un nouveau contrat longue durée avec le PSG.,,Ligue 1 🇫🇷,L'Équipe Mercato,Achraf Hakimi,PSG,PSG,Non communiqué,OFFICIEL ✅,Neutre,officielachrafhakimiprolongesoncontratauparissaintgermainjus,Ligue 1 🇫🇷,Maroc 🇲🇦,0.0
